
create extension if not exists "uuid-ossp";

drop table if exists vendor_6si, product_yin, vendor_product_info_dnm, car_eo0, vendor_car_info_n1q, razlichn_diag, models_and_prices cascade;

create table vendor_6si
(
    id      uuid primary key,
    name    text,
    phone   text
);

create table product_yin
(
    id              uuid primary key,
    model           text,
    category        text,
    brand           text,
    score           numeric,
    screen_material text,
    screen_size     int,
    height          int,
    width           int,
    weight          int,
    sales_start     int,
    sales_end       int,
    os              text,
    color           text
);

create table vendor_product_info_dnm
(
    vendor_id uuid references vendor_6si,
    product_id uuid references product_yin,
    price numeric,
    quantity int,
    primary key (product_id, vendor_id)
);

create table car_eo0
(
    id                uuid primary key,
    model             text,
    body_volume       int,
    lifting_capacity  int
);

create table vendor_car_info_n1q
(
    vendor_id uuid references vendor_6si,
    car_id uuid references car_eo0,
    quantity int,
    primary key (car_id, vendor_id)
);

insert into vendor_6si values
('a0dbe6bb-1dae-4d33-bc77-64ea333e593c', 'ОАО АнгарскСбытСбыт', '(918)187-24-16'),
('37355941-1bd9-49a1-87dc-05ba09821a05', 'ЗАО Баранов', '(947)278-79-29'),
('6b611b47-ef00-42bd-b8eb-93fd3deddbd6', 'ТСЖ СбытТрейд', '(997)583-15-74'),
('a969daab-fc2a-4506-86f7-234f61b8d99b', 'ООО КежмаЛимитед', '(928)287-26-17'),
('da2b97ec-2e52-4a90-9027-719420a92159', 'ИП ЧермозГруппТорг', '(948)409-30-44'),
('c291430d-5ff6-4155-a496-c4415e41cf89', 'ТСЖ Полина', '(926)442-07-82'),
('73ad738f-5446-4872-b9f7-1710e293900f', 'ОП ГруппИнкорпорэйтед', '(913)673-48-90'),
('4696aca6-cf96-4d46-a9d8-96a5fb690297', 'ИП ВитимСистемсГруппСнаб', '(940)808-20-25'),
('4c3b0018-2578-44bd-a38e-cb5250f38bb8', 'ТСЖ СистемсПромТорг', '(995)098-44-98'),
('e9f9436c-b93e-4608-8f80-c8db0fbe7554', 'ОП СладковоТрейдСнаб', '(963)140-95-11'),
('ca6f47aa-c56c-4379-85b0-2eefb12fe2a6', 'ТСЖ Панкрат', '(961)129-71-47'),
('f5519aff-fc44-417c-91e7-82c084d89a59', 'ОАО КызылСистемсПром', '(944)955-46-48'),
('3bd990c6-783e-45e1-b8b2-070d335f89cf', 'ТСЖ ГубахаСбыт', '(923)980-12-85'),
('039b028e-1312-4929-9de4-1879420dd16c', 'ООО МурманскТорг', '(949)018-81-42'),
('458f25af-c7c2-49f7-bd9f-5eaff44087cd', 'ГУП ЕлабугаТоргЛимитедСистемс', '(917)026-21-80'),
('851de3a2-4d67-4246-a0be-fbe50a55ee26', 'ИП РусПромПром', '(979)085-94-02'),
('0b767d51-af1b-4db1-a9c1-74b247c5458a', 'ПАО ТаштаголИнкорпорэйтедТрейд', '(949)010-53-33'),
('abdaa87a-fc7c-4fcf-88da-204cf758bdda', 'ООО ЛимитедРусЛимитед', '(962)157-29-57'),
('b78dd560-3ae4-46b7-a997-7dc9efecbbb2', 'ООО БодайбоПромГрупп', '(922)332-95-47'),
('6bd9adbb-a944-4f93-965c-eecc72a5d2d0', 'НКО Константинов', '(934)680-08-31'),
('a786f46c-299d-424b-bc18-4bc0a2fbd906', 'ФГУП Марфа', '(949)778-69-50'),
('a0fef9ec-c9b3-4d02-a8a4-766df89980c7', 'ОП Вениамин', '(928)823-34-72'),
('ed12e3c5-db6a-40e3-929b-15fe7ae4c481', 'ФГУП ИнкорпорэйтедЛимитедЛимитед', '(904)150-39-62'),
('14325bfb-b77b-40a2-b6ce-ad046ec5f190', 'ФГУП ИнкорпорэйтедСнаб', '(952)293-14-43'),
('b855ee07-d65e-45e7-8043-b2f07d028c55', 'ООО АрхангельскРусСистемсЛимитед', '(990)640-16-80'),
('7c99b9c8-8e71-4c83-9bf5-10dfa7774fb3', 'ООО Мельников', '(951)498-87-30'),
('8271be78-ff97-484c-ba64-e87e5ee04495', 'ЗАО Иванна', '(986)504-67-67'),
('b069e5b9-2355-4922-8908-aa6c39386b2e', 'ФГУП БуйнакскИнкорпорэйтедГруппСнаб', '(904)061-90-85'),
('6d9874b7-5a9f-42d1-ba28-80b034368f8e', 'ГУП Глафира', '(934)502-30-05'),
('d1448e47-9307-4e23-a461-c7647bda5960', 'ИП Антонина', '(999)985-91-08');

insert into product_yin values
('170ed2fc-cdd8-4f53-9438-eef620f84f76', 'Ring-billed Gull K86', 'ноутбуки', 'Acer', 4, 'стекло', 15, 201, 352, 1018, 2015, 2018, 'Windows', 'синий'),
('6a479704-e6f9-4844-9719-fc40a55100c9', 'Baird''s Sparrow F16', 'смартфоны', 'Sony', 2, 'пластик', 8, 183, 88, 138, 2014, 2018, 'Android', 'желтый'),
('bd07adf3-623e-4150-8463-a4de52dbc4f7', 'Costa''s Hummingbird P96', 'смартфоны', 'HUAWEI', 5, 'пластик', 5, 117, 56, 173, 2021, null, 'Android', 'синий'),
('cf9f376e-bde3-4b0a-8883-e28508e25559', 'Common Cuckoo D96', 'смартфоны', 'Oppo', 4, 'стекло', 8, 185, 90, 104, 2014, 2016, 'Android', 'красный'),
('2e00f818-faae-4b2f-93b9-b36768cf8c89', 'Wilson''s Phalarope Y79', 'смартфоны', 'Google', 2, 'стекло', 6, 137, 63, 131, 2019, 2022, 'Android', 'синий'),
('acdc7823-f0de-4fed-b8af-3db3ce0b0e2e', 'Common Pochard G40', 'электронные книги', 'Bookeen', 4, 'стекло', 5, 113, 52, 230, 2015, 2017, 'Android', 'серый'),
('1ebdc70e-4b6f-4ef9-9a53-a93fa6477ae4', 'Great Egret P49', 'мониторы', 'ASUS', 4, 'пластик', 32, 375, 751, 2289, 2018, 2019, 'Android', 'желтый'),
('99468122-9cd1-44aa-bc91-e6fcfd743b48', 'Willow Flycatcher I59', 'мониторы', 'Acer', 4, 'стекло', 29, 357, 765, 1233, 2018, 2019, 'Android', 'белый'),
('22931f01-6bc7-4ca6-ab6a-c15b32876ca9', 'Palm Warbler M75', 'смартфоны', 'OnePlus', 5, 'стекло', 8, 185, 88, 152, 2023, null, 'Android', 'серый'),
('e47571e6-be79-4449-ae21-e60b7f6f59fa', 'Red-legged Kittiwake I52', 'смартфоны', 'Samsung', 2, 'пластик', 7, 160, 73, 107, 2016, 2019, 'Android', 'серый'),
('574a423d-e9b8-4f61-8a30-befb29d908c9', 'Ruff G75', 'ноутбуки', 'Xiaomi', 4, 'стекло', 16, 204, 353, 1138, 2023, null, 'Windows', 'желтый'),
('c414c7c6-a733-4331-8d14-120740772459', 'Mountain Chickadee Z85', 'часы', 'HONOR', 5, 'стекло', 2, 40, 35, 72, 2019, 2023, 'Android', 'желтый'),
('8ef909de-d787-49a3-8c7d-0f6ed0e70e08', 'Elf Owl V80', 'электронные книги', 'TeXet', 3, 'пластик', 7, 156, 73, 166, 2018, 2019, 'Android', 'черный'),
('509040c5-9ccb-4703-afd4-4dc7c158d3b5', 'Brown-headed Nuthatch Z5', 'часы', 'Xiaomi', 1, 'стекло', 2, 37, 35, 94, 2015, 2019, 'Android', 'желтый'),
('f284d0df-3eef-47b6-b8f8-264aa0fa2b45', 'Thick-billed Parrot T95', 'электронные книги', 'Irbis', 1, 'пластик', 6, 139, 71, 185, 2023, null, 'Android', 'желтый'),
('61bba18c-eb4f-4576-8068-31f4ad9f4cba', 'Great Auk O91', 'электронные книги', 'Amazon', 2, 'пластик', 6, 140, 65, 152, 2021, 2023, 'Android', 'серый'),
('55426094-510e-475e-9073-5cee4154a1c1', 'Eurasian Woodcock P42', 'электронные книги', 'Irbis', 4, 'стекло', 9, 206, 99, 224, 2017, 2019, 'Android', 'зеленый'),
('3cf1cceb-90cc-402e-b46b-b84a403b040a', 'Yellow-throated Vireo T60', 'смартфоны', 'Sony', 2, 'пластик', 9, 210, 97, 119, 2020, 2022, 'Android', 'синий'),
('8a251614-4213-4707-97ba-248deab0e3fb', 'Colima Warbler M15', 'смартфоны', 'Apple', 3, 'пластик', 8, 187, 93, 227, 2015, 2016, 'iOS', 'зеленый'),
('7e26c342-4ded-40a1-a01a-ad2843142040', 'Pacific Golden-Plover W2', 'мониторы', 'Lenovo', 1, 'стекло', 34, 376, 737, 2391, 2021, 2024, 'Android', 'синий'),
('395c2456-95f3-4061-b074-100d436144ea', 'White-tailed Kite L6', 'часы', 'Samsung', 3, 'стекло', 1, 20, 19, 20, 2018, 2022, 'Android', 'черный'),
('7f6ba22e-fa33-4724-8e22-7d72df92552f', 'Least Flycatcher A57', 'мониторы', 'Lenovo', 3, 'стекло', 21, 234, 457, 2776, 2017, 2019, 'Android', 'синий'),
('408b24d1-db72-41f8-81b1-d7f8d488cec4', 'Dusky Thrush H86', 'смартфоны', 'Apple', 1, 'стекло', 7, 163, 79, 202, 2015, 2018, 'iOS', 'черный'),
('f881c272-e905-4adc-b5c7-fc7a882c9369', 'Broad-billed Sandpiper C55', 'часы', 'Samsung', 5, 'стекло', 2, 40, 38, 39, 2021, 2022, 'Android', 'красный'),
('d9ce355f-233e-4022-a092-bfe337bc041d', 'Cave Swallow K11', 'электронные книги', 'PocketBook', 5, 'пластик', 8, 179, 94, 180, 2018, 2019, 'Android', 'синий'),
('e7bab933-a997-4ea8-a97c-b70c11d6117a', 'Canada Goose C73', 'смартфоны', 'Samsung', 4, 'пластик', 8, 183, 89, 223, 2015, 2018, 'Android', 'зеленый'),
('ea38acc0-7743-4874-ae56-8f599bf424a9', 'White-headed Woodpecker L91', 'ноутбуки', 'Dell', 5, 'стекло', 17, 217, 378, 1083, 2019, 2020, 'Windows', 'черный'),
('38509424-2232-4e53-a131-3939bfd09ef1', 'Pinyon Jay I26', 'смартфоны', 'Sony', 1, 'стекло', 9, 209, 99, 102, 2016, 2017, 'Android', 'синий'),
('eb51841c-e29f-40ef-a575-f0bc2609a918', 'Brown-headed Cowbird K66', 'электронные книги', 'Bookeen', 3, 'пластик', 7, 159, 76, 122, 2017, 2020, 'Android', 'синий'),
('58101497-37df-43d9-90d4-af42cb6a5ecc', 'Clay-colored Sparrow R87', 'мониторы', 'Samsung', 1, 'пластик', 34, 391, 894, 2589, 2022, 2024, 'Android', 'желтый'),
('cc8837a8-6a99-429f-af0f-2cd603a3ac13', 'Berylline Hummingbird P85', 'электронные книги', 'Amazon', 3, 'стекло', 10, 228, 110, 200, 2017, 2021, 'Android', 'черный'),
('618b0ff4-363e-47ad-8c64-5fc6e3d3ff53', 'Black-billed Cuckoo Z96', 'смартфоны', 'POCO', 5, 'пластик', 5, 116, 55, 139, 2018, 2022, 'Android', 'черный'),
('d76daa65-6685-44ee-b06e-1a6cf49cd048', 'Crimson-collared Grosbeak Y96', 'ноутбуки', 'Lenovo', 3, 'стекло', 15, 192, 334, 1420, 2017, 2018, 'Windows', 'серый'),
('06de3b65-4af7-4b4d-ae33-4d1060a837dd', 'American Golden-Plover Z94', 'ноутбуки', 'Acer', 5, 'пластик', 14, 186, 330, 1580, 2023, null, 'Linux', 'синий'),
('1c6938ad-8c3b-4e75-ab2c-a05174a7954f', 'Violet-green Swallow R40', 'смартфоны', 'Sony', 2, 'стекло', 5, 116, 57, 293, 2022, null, 'Android', 'желтый'),
('201b06cc-8dee-4aa3-8dc3-efb568e1db62', 'White-winged Tern W93', 'ноутбуки', 'Lenovo', 1, 'пластик', 16, 210, 372, 1631, 2014, 2015, 'Windows', 'серый'),
('34075080-195f-4f76-9cd8-ac78bc4b91c0', 'Mew Gull E75', 'часы', 'HONOR', 2, 'стекло', 1, 19, 15, 16, 2019, 2021, 'Android', 'желтый'),
('33dc61cb-ce9f-4337-80fc-cea4cef9665c', 'Brown-headed Cowbird H88', 'ноутбуки', 'Apple', 5, 'стекло', 15, 199, 332, 1030, 2018, 2020, 'iOS', 'желтый'),
('8c09eb65-4283-43cd-80a4-3d6c7166153b', 'Nelson''s Sharp-tailed Sparrow P45', 'часы', 'Samsung', 2, 'пластик', 2, 39, 33, 96, 2023, null, 'Android', 'желтый'),
('33f1febb-a38b-4e44-81d2-10f8f3a43931', 'Least Grebe Q75', 'часы', 'HONOR', 1, 'стекло', 2, 41, 39, 36, 2014, 2018, 'Android', 'зеленый'),
('b82064f5-7390-497f-a5a8-23e15b0244bd', 'Bristle-thighed Curlew N28', 'часы', 'Samsung', 4, 'стекло', 1, 19, 17, 26, 2022, null, 'Android', 'серый'),
('c53b1d12-5b6f-4a60-8526-814636897927', 'Bean Goose V38', 'электронные книги', 'Bookeen', 4, 'пластик', 5, 112, 50, 252, 2018, 2022, 'Android', 'черный'),
('e155776f-03a6-4267-8f58-cd5ab927a7df', 'California Condor F75', 'часы', 'HUAWEI', 5, 'стекло', 1, 20, 19, 36, 2019, 2020, 'Android', 'белый'),
('66b5eac2-c7c1-4210-b0e6-02b3f35955b0', 'La Sagra''s Flycatcher G5', 'ноутбуки', 'MSI', 2, 'пластик', 16, 203, 361, 1984, 2021, 2023, 'Windows', 'черный'),
('b08b3946-bd84-4bcc-b43e-f59bfcbc9005', 'Oriental Greenfinch W68', 'смартфоны', 'Google', 5, 'пластик', 9, 208, 100, 214, 2020, 2024, 'Android', 'серый'),
('7f68f640-5343-4e68-a3b6-16d6e2c3db33', 'House Finch T61', 'часы', 'HONOR', 5, 'стекло', 1, 19, 16, 78, 2023, 2024, 'Android', 'серый'),
('f90f7380-d7d4-4fa7-ba60-95200fa91337', 'Cliff Swallow C76', 'смартфоны', 'Oppo', 2, 'стекло', 9, 207, 94, 185, 2021, 2024, 'Android', 'белый'),
('c2a82c59-c8a3-4928-ba91-2a5a915840af', 'Gray-crowned Rosy-Finch J26', 'электронные книги', 'Digma', 4, 'стекло', 6, 138, 67, 263, 2019, 2022, 'Android', 'красный'),
('26431f19-914f-4494-94be-862e4fa4580d', 'Xantus''s Hummingbird W97', 'мониторы', 'Acer', 5, 'пластик', 20, 208, 442, 1483, 2016, 2018, 'Linux', 'черный'),
('346b93c4-ae39-48e4-9a2f-1b218596948b', 'Chukar M87', 'мониторы', 'Acer', 1, 'стекло', 31, 381, 784, 2096, 2021, 2022, 'Android', 'черный'),
('c7798d79-bebf-4ec8-a7a2-099a8b611514', 'Semipalmated Sandpiper G3', 'часы', 'HONOR', 2, 'стекло', 1, 19, 16, 88, 2015, 2019, 'Android', 'черный'),
('3c7b32c4-b374-4ea1-a1ac-af314b1c3b53', 'Eurasian Jackdaw R93', 'смартфоны', 'Xiaomi', 5, 'стекло', 8, 185, 85, 171, 2016, 2019, 'Android', 'серый'),
('f52c2898-e45c-4cf1-8ad0-33793aff763f', 'Black-legged Kittiwake T21', 'ноутбуки', 'Dell', 2, 'пластик', 16, 206, 362, 1972, 2022, null, 'Linux', 'черный'),
('90b9356e-843d-4612-89cb-1a996d3b2dae', 'Aleutian Tern W22', 'смартфоны', 'Samsung', 1, 'пластик', 8, 186, 88, 128, 2017, 2020, 'Android', 'зеленый'),
('69906420-f89c-434e-8a9f-550e301039e5', 'Yellow-footed Gull W53', 'часы', 'HONOR', 2, 'стекло', 1, 21, 19, 17, 2019, 2020, 'Android', 'зеленый'),
('7c7a3202-44c0-4a76-8005-13f4c3f9d284', 'Fulvous Whistling-Duck J27', 'мониторы', 'Samsung', 2, 'стекло', 33, 357, 825, 1785, 2015, 2019, 'Android', 'желтый'),
('808487a7-db48-4248-8c8d-87dadbbf4234', 'Hammond''s Flycatcher O83', 'ноутбуки', 'HP', 1, 'стекло', 14, 178, 290, 1273, 2016, 2019, 'Linux', 'серый'),
('54ee3b7c-f4a3-403f-8594-8be6ec10aac6', 'Black Noddy Y99', 'смартфоны', 'Apple', 5, 'стекло', 9, 209, 97, 271, 2020, 2021, 'iOS', 'желтый'),
('7e0b0963-6406-4c21-a54d-e59a8a2b52a3', 'Wood Duck Z5', 'часы', 'Apple', 3, 'пластик', 2, 38, 38, 44, 2017, 2021, 'iOS', 'красный'),
('dae8615a-b3c7-474d-8831-9b54ae1bdc95', 'Crested Caracara R56', 'смартфоны', 'realme', 4, 'стекло', 9, 206, 100, 250, 2014, 2018, 'Android', 'красный'),
('c752dc04-4aa3-405c-a485-e7b594b16b08', 'Chuck-will''s-widow P58', 'ноутбуки', 'HP', 5, 'стекло', 14, 189, 329, 1804, 2017, 2019, 'Linux', 'зеленый'),
('87ee3dc5-ccb1-4d3c-8b21-2b78bc199365', 'Paint-billed Crake G79', 'мониторы', 'Xiaomi', 2, 'стекло', 22, 265, 472, 2449, 2021, 2023, 'Linux', 'серый'),
('f1587c12-9667-4fa3-ac62-9d37b21cda15', 'Tree Swallow S75', 'электронные книги', 'Irbis', 4, 'стекло', 12, 275, 126, 226, 2022, null, 'Android', 'зеленый'),
('d03d9f14-71a8-4b39-8b00-4ac9dda3cc84', 'Northwestern Crow K25', 'электронные книги', 'Irbis', 3, 'пластик', 9, 207, 98, 164, 2015, 2016, 'Android', 'белый'),
('9506cfef-d7af-4063-a2e5-1a603bf52032', 'Thick-billed Murre Q26', 'электронные книги', 'Irbis', 1, 'пластик', 8, 186, 97, 247, 2023, null, 'Android', 'желтый'),
('5c71d895-bde8-4fdc-83fa-2fe839796a6f', 'Swainson''s Thrush F48', 'мониторы', 'Xiaomi', 4, 'стекло', 31, 371, 840, 1696, 2017, 2021, 'Android', 'черный'),
('7151cc35-b401-4165-8f73-d4f1c3af1385', 'Redwing O19', 'ноутбуки', 'Acer', 4, 'пластик', 15, 201, 351, 1445, 2014, 2017, 'Linux', 'синий'),
('e5997b77-7eb3-4ff4-a1cd-deee19997325', 'Golden Eagle U41', 'смартфоны', 'Sony', 3, 'стекло', 5, 116, 57, 155, 2016, 2017, 'Android', 'зеленый'),
('0a323395-caae-4230-83ce-81aae173a346', 'Groove-billed Ani Y57', 'часы', 'HUAWEI', 2, 'пластик', 2, 38, 38, 73, 2015, 2016, 'Android', 'желтый'),
('8758249e-8a0c-4ad6-806b-a0990fbe423c', 'White Ibis J98', 'часы', 'Samsung', 4, 'стекло', 2, 38, 35, 47, 2017, 2019, 'Android', 'черный'),
('603fe5c4-2f2a-4c81-8d82-89b325513c01', 'Reddish Egret P54', 'часы', 'Xiaomi', 4, 'пластик', 2, 39, 33, 81, 2017, 2021, 'Android', 'черный'),
('56ee641a-7126-4753-b1e6-ed7580cd3a27', 'Siberian Flycatcher C5', 'смартфоны', 'HONOR', 3, 'пластик', 8, 183, 82, 180, 2021, 2022, 'Android', 'серый'),
('b3131984-cc94-427e-a928-46d27cb85ab1', 'White-tailed Ptarmigan C44', 'электронные книги', 'Digma', 3, 'стекло', 11, 247, 133, 271, 2023, null, 'Android', 'синий'),
('b3bfb199-33e2-438d-8d11-9387af2eae27', 'Tennessee Warbler Y67', 'электронные книги', 'PocketBook', 2, 'стекло', 9, 205, 107, 297, 2016, 2020, 'Android', 'желтый'),
('6dae9326-d38f-4526-b0a0-8739fc13430e', 'Gray Jay Z90', 'смартфоны', 'OnePlus', 2, 'стекло', 9, 209, 96, 184, 2020, 2022, 'Android', 'зеленый'),
('f2ae5add-c123-4b6e-955a-b11fd80f1707', 'Red-crowned Parrot M38', 'ноутбуки', 'Dell', 5, 'стекло', 14, 188, 316, 1867, 2021, 2024, 'Windows', 'зеленый'),
('5dada44f-eedd-48d0-94e9-41564ff3eea5', 'Black-capped Chickadee L89', 'мониторы', 'Lenovo', 2, 'пластик', 27, 305, 685, 2412, 2020, 2023, 'Linux', 'желтый'),
('5833c453-11ed-49d5-a979-b77d8f854a24', 'Brown Jay D29', 'смартфоны', 'OnePlus', 3, 'стекло', 8, 187, 86, 130, 2015, 2019, 'Android', 'белый'),
('b0ee7c52-235a-4171-8fec-fb8b7dc44d88', 'California Condor P92', 'часы', 'Xiaomi', 5, 'пластик', 1, 20, 20, 63, 2019, 2023, 'Android', 'черный'),
('fe109403-cbf5-4fac-baf0-50709ccfbe2b', 'Red-throated Loon D27', 'мониторы', 'HP', 2, 'пластик', 30, 324, 712, 2017, 2021, 2022, 'Linux', 'серый'),
('54ed8e50-d399-4bf7-9e32-0bfa28b5c196', 'Green Jay R16', 'смартфоны', 'Google', 3, 'пластик', 6, 139, 62, 182, 2021, 2023, 'Android', 'красный'),
('bdef0884-3fa2-496d-8128-0725df236940', 'Yellow-faced Grassquit W67', 'электронные книги', 'PocketBook', 5, 'пластик', 8, 181, 91, 202, 2016, 2020, 'Android', 'красный'),
('9fe2c233-0207-4ba2-aea7-9941e12db371', 'American Crow N34', 'мониторы', 'Acer', 1, 'пластик', 32, 329, 758, 2282, 2018, 2022, 'Android', 'зеленый'),
('5d392f78-c3d4-4b09-9971-13707f386517', 'White-crowned Sparrow N65', 'электронные книги', 'Bookeen', 5, 'стекло', 11, 252, 123, 255, 2022, 2023, 'Android', 'желтый'),
('3a0ca4b0-d363-4a14-93db-ca1e09f6ef5c', 'Eastern Meadowlark A12', 'электронные книги', 'Digma', 4, 'стекло', 8, 182, 84, 241, 2021, 2023, 'Android', 'желтый'),
('19fa13c1-66b3-4316-83c5-e5a0d16c7c23', 'Great Auk V57', 'часы', 'Xiaomi', 2, 'стекло', 2, 40, 40, 74, 2014, 2018, 'Android', 'красный'),
('f40426c9-fbff-47c0-9759-6f36d1930017', 'Loggerhead Kingbird F58', 'мониторы', 'Xiaomi', 5, 'стекло', 23, 231, 474, 1128, 2020, 2021, 'Android', 'синий'),
('d5de77ec-f149-46c0-9f21-ede443be1536', 'Colima Warbler V48', 'смартфоны', 'Samsung', 5, 'стекло', 6, 139, 64, 212, 2023, 2024, 'Android', 'белый'),
('953bda65-7124-4c23-87ad-e40107db0fd1', 'Gray Partridge T47', 'ноутбуки', 'Dell', 5, 'пластик', 15, 192, 326, 1354, 2019, 2022, 'Windows', 'красный'),
('566be821-d67a-44bf-b0e9-4b03696bfc17', 'Lesser Frigatebird Y6', 'электронные книги', 'Amazon', 4, 'пластик', 5, 116, 64, 296, 2023, null, 'Android', 'серый'),
('c0fdf6d9-d661-46ec-a562-1e82613ef0ad', 'Blue-winged Teal E5', 'смартфоны', 'POCO', 5, 'стекло', 9, 209, 95, 112, 2018, 2019, 'Android', 'белый'),
('6a3b0116-f318-4f6f-b7d5-66c70f89dbee', 'Eurasian Tree Sparrow U39', 'мониторы', 'Xiaomi', 3, 'пластик', 28, 304, 632, 2353, 2015, 2016, 'Android', 'белый'),
('67660e44-7b9b-45c0-817a-ff7f1baebc18', 'Long-billed Murrelet D86', 'ноутбуки', 'MSI', 4, 'пластик', 14, 188, 333, 1543, 2024, null, 'Windows', 'синий'),
('a8a7ba15-eb25-4889-b15e-4725b24fad87', 'Pileated Woodpecker N72', 'часы', 'Apple', 3, 'стекло', 1, 21, 20, 18, 2021, null, 'iOS', 'желтый'),
('05ae6073-b250-4d57-80ca-74047353021f', 'Little Stint U94', 'мониторы', 'Lenovo', 5, 'пластик', 32, 332, 623, 2965, 2021, 2022, 'Linux', 'желтый'),
('ffd354d8-2cd8-4179-8bbb-8e2f1e3c6c6f', 'Falcated Duck B70', 'смартфоны', 'OnePlus', 5, 'стекло', 5, 116, 54, 275, 2022, null, 'Android', 'серый'),
('bce46850-6691-427f-b1f1-37167b29eb88', 'Black-capped Vireo L88', 'ноутбуки', 'Dell', 2, 'пластик', 17, 218, 357, 1052, 2022, null, 'Windows', 'черный'),
('cfd92b4b-6779-41ca-a28d-3dff9e398ee1', 'Scarlet Ibis O10', 'мониторы', 'MSI', 2, 'стекло', 27, 312, 591, 2613, 2022, 2024, 'Android', 'красный'),
('860c0bfa-47a6-4931-a7e6-d0cada03d29e', 'Black Guillemot X33', 'электронные книги', 'Amazon', 3, 'пластик', 9, 209, 109, 170, 2023, 2024, 'Android', 'серый'),
('4b3cf82b-46d9-4e3a-a04d-13008496f0bc', 'Arctic Warbler D90', 'часы', 'Redmi', 1, 'пластик', 2, 37, 32, 67, 2021, 2022, 'Android', 'желтый'),
('dbc48cc2-56b4-4966-93de-c7d398160eee', 'Eyebrowed Thrush A96', 'мониторы', 'HP', 1, 'пластик', 24, 284, 627, 2015, 2021, 2023, 'Android', 'черный'),
('9f14718f-d87b-4b18-b840-e0f0e9852be7', 'Northern Wheatear N70', 'смартфоны', 'Samsung', 4, 'пластик', 5, 116, 56, 168, 2016, 2019, 'Android', 'черный'),
('7c67f315-1834-45ed-876b-e4a0c85809d1', 'Fulvous Whistling-Duck C46', 'часы', 'Redmi', 5, 'стекло', 2, 38, 31, 73, 2019, 2020, 'Android', 'зеленый'),
('c64be513-6972-4747-aa68-25856e07bd5f', 'Nashville Warbler N10', 'часы', 'Redmi', 4, 'пластик', 2, 40, 34, 63, 2023, null, 'Android', 'серый'),
('46166451-785a-437d-ba44-9dcbc9a2f293', 'Colima Warbler J86', 'смартфоны', 'HONOR', 5, 'пластик', 8, 184, 92, 131, 2017, 2019, 'Android', 'серый'),
('bdea2967-316c-4621-8386-582e20401514', 'Mongolian Plover V94', 'смартфоны', 'Xiaomi', 3, 'пластик', 9, 207, 93, 271, 2019, 2022, 'Android', 'белый'),
('4f23e812-36bc-4e85-ab94-22aa9307e40b', 'Brant C39', 'ноутбуки', 'ASUS', 4, 'пластик', 14, 187, 320, 1626, 2022, null, 'Windows', 'серый'),
('01defd30-5156-4ebb-9bd5-1704b5289cce', 'Spruce Grouse N70', 'ноутбуки', 'Lenovo', 3, 'пластик', 15, 199, 344, 1870, 2022, null, 'Windows', 'зеленый'),
('127a442d-45dd-4b76-a94a-ff08d72d51ce', 'Gray Jay W60', 'мониторы', 'Acer', 4, 'стекло', 29, 316, 669, 2234, 2018, 2022, 'Linux', 'серый'),
('cefbc41f-dd93-4ab6-8c7f-50fdea26407a', 'Canyon Wren T94', 'мониторы', 'Lenovo', 2, 'стекло', 33, 352, 687, 2421, 2023, 2024, 'Android', 'красный'),
('ebbf0c06-65f0-48ad-90e4-4e9150f530c1', 'Aztec Thrush H89', 'ноутбуки', 'Apple', 5, 'стекло', 13, 173, 277, 1171, 2016, 2017, 'iOS', 'синий'),
('f9b3afe4-898b-4e89-b507-88c1bb5cb33b', 'Ivory Gull N2', 'ноутбуки', 'Acer', 2, 'пластик', 17, 221, 386, 1420, 2018, 2021, 'Windows', 'синий'),
('52a6fe4b-cdbd-4df6-a6ea-dacf04ea8bbb', 'Song Sparrow R33', 'мониторы', 'Acer', 5, 'стекло', 26, 310, 677, 1253, 2019, 2020, 'Android', 'желтый'),
('147869fd-47c4-4cb9-8163-44d2693cca71', 'Winter Wren U71', 'электронные книги', 'Bookeen', 1, 'пластик', 11, 248, 139, 186, 2019, 2023, 'Android', 'красный'),
('64308bc2-8ad7-41d6-8610-4eb4faeccc1b', 'Common Nighthawk Z6', 'мониторы', 'HP', 3, 'пластик', 28, 317, 603, 2787, 2023, null, 'Android', 'черный'),
('681db543-aa19-44d3-829e-6207b6aec84d', 'Whooping Crane C26', 'часы', 'Redmi', 1, 'стекло', 1, 20, 19, 100, 2020, 2024, 'Android', 'черный'),
('ba2b52f2-81ab-4e9f-8d7f-884aebef5851', 'Costa''s Hummingbird V24', 'смартфоны', 'realme', 2, 'стекло', 6, 138, 69, 209, 2014, 2017, 'Android', 'черный'),
('2ff8d38c-240a-414c-9951-e63d3f370c2d', 'Curve-billed Thrasher Z49', 'ноутбуки', 'Dell', 4, 'пластик', 14, 181, 301, 1552, 2021, 2022, 'Windows', 'синий'),
('aa564d2f-a934-46ae-b8ec-5d8f34b70ec9', 'Sabine''s Gull U91', 'смартфоны', 'Apple', 5, 'стекло', 7, 163, 79, 155, 2015, 2017, 'iOS', 'синий'),
('2942a6de-2306-4349-88f9-2c6f9e9942ad', 'Pine Siskin I13', 'мониторы', 'MSI', 4, 'стекло', 28, 298, 586, 1276, 2017, 2020, 'Linux', 'черный'),
('adb7df6c-bfca-408d-a998-50476fde0d92', 'Wood Warbler A7', 'смартфоны', 'Xiaomi', 2, 'стекло', 7, 162, 78, 224, 2020, 2024, 'Android', 'синий'),
('ac9777b0-7fcd-4026-848f-7eeda90d0c08', 'Stonechat H1', 'часы', 'Amazfit', 1, 'пластик', 1, 20, 19, 64, 2023, null, 'Android', 'зеленый'),
('6cf2bb79-7b58-462e-af71-abbc56d9822b', 'Baird''s Sparrow Y82', 'мониторы', 'ASUS', 4, 'стекло', 21, 242, 465, 2992, 2016, 2020, 'Android', 'черный'),
('28c00220-cd6b-4a95-882d-35ec4b85277e', 'Solitary Sandpiper N64', 'мониторы', 'Dell', 1, 'стекло', 28, 315, 588, 1326, 2018, 2021, 'Linux', 'синий'),
('76c444ad-edca-4acd-a647-78d0a0e97a35', 'Sandwich Tern W75', 'ноутбуки', 'MSI', 2, 'пластик', 17, 213, 362, 1993, 2022, 2023, 'Linux', 'черный'),
('9f51f904-123b-4d77-b1da-2ebc438cc52f', 'Downy Woodpecker L71', 'часы', 'Redmi', 4, 'пластик', 1, 18, 16, 56, 2017, 2020, 'Android', 'зеленый'),
('4f32b1c6-20cc-4cba-9972-8074c25f3887', 'White-winged Crossbill M93', 'ноутбуки', 'Lenovo', 1, 'стекло', 15, 190, 321, 1926, 2014, 2018, 'Windows', 'черный'),
('9a8c6198-e040-42a4-9c37-fee8a7225717', 'American Dipper D76', 'электронные книги', 'Amazon', 3, 'стекло', 10, 228, 104, 238, 2017, 2021, 'Android', 'синий'),
('77fbcc11-4a22-425a-bb33-a867f5e1861f', 'Black Noddy X37', 'электронные книги', 'Bookeen', 5, 'стекло', 8, 180, 84, 188, 2018, 2022, 'Android', 'синий'),
('9e443fbd-fe59-4bc7-a483-f93ae88336fe', 'Chuck-will''s-widow O69', 'электронные книги', 'Digma', 3, 'пластик', 6, 139, 75, 135, 2016, 2018, 'Android', 'зеленый'),
('af0f7ce6-a16e-4377-a823-48819843296f', 'Chestnut-backed Chickadee A94', 'электронные книги', 'Bookeen', 3, 'стекло', 6, 137, 67, 286, 2023, null, 'Android', 'черный'),
('f6f63d7c-692e-417c-84c4-1839d9460292', 'Arctic Loon A37', 'электронные книги', 'Digma', 3, 'стекло', 6, 140, 74, 251, 2024, null, 'Android', 'белый'),
('6221609d-fa2b-4f5b-a9e4-1a85b7b0a22f', 'Golden-cheeked Warbler F31', 'часы', 'HUAWEI', 5, 'пластик', 1, 19, 15, 60, 2016, 2017, 'Android', 'красный'),
('591d0c73-53ae-4cdd-a918-23fcdcd3bd79', 'Gull-billed Tern X59', 'электронные книги', 'Amazon', 3, 'стекло', 11, 249, 117, 201, 2022, 2023, 'Android', 'белый'),
('478a2e85-b1ac-4a87-a3b9-8bb5077427df', 'Broad-winged Hawk E12', 'ноутбуки', 'Xiaomi', 1, 'стекло', 13, 163, 282, 1181, 2014, 2017, 'Windows', 'серый'),
('b9425180-aa0e-4cb3-85a2-34b82d22bf70', 'King Rail H32', 'ноутбуки', 'Lenovo', 2, 'пластик', 16, 206, 332, 1100, 2019, 2022, 'Linux', 'белый'),
('364e4012-11d4-42cc-88f9-07c792fe0d82', 'Black-throated Gray Warbler Q55', 'смартфоны', 'POCO', 2, 'стекло', 5, 114, 53, 215, 2016, 2018, 'Android', 'зеленый'),
('70b817dc-b712-4985-9558-e13acd3be011', 'American Tree Sparrow X10', 'мониторы', 'ASUS', 2, 'пластик', 25, 273, 490, 1077, 2020, 2023, 'Linux', 'синий'),
('77092243-b080-4768-86bd-5c67d3c98063', 'Magnificent Hummingbird W57', 'электронные книги', 'Digma', 4, 'пластик', 7, 162, 86, 222, 2019, 2022, 'Android', 'черный'),
('cc65fb41-27fa-44f0-a1bd-d4971dc85881', 'Rufous-capped Warbler Y69', 'ноутбуки', 'Dell', 4, 'пластик', 14, 177, 304, 1400, 2016, 2020, 'Linux', 'желтый'),
('9d6339ed-85d9-420c-b720-8595108f561e', 'Carolina Chickadee K73', 'ноутбуки', 'Dell', 3, 'стекло', 16, 215, 359, 1010, 2018, 2020, 'Windows', 'красный'),
('6bb0e0e8-e6ce-4747-a1ca-69113f8d98da', 'House Wren R20', 'смартфоны', 'OnePlus', 4, 'пластик', 7, 160, 78, 227, 2018, 2020, 'Android', 'синий'),
('7d16d3ae-a982-4bf9-b435-bd8f624875c1', 'Green Jay J72', 'часы', 'Samsung', 1, 'стекло', 2, 40, 36, 42, 2019, 2022, 'Android', 'серый'),
('fa892b86-d655-4ff6-96e9-5c4e092459a6', 'Eurasian Siskin H45', 'часы', 'Xiaomi', 5, 'стекло', 2, 38, 37, 41, 2022, null, 'Android', 'красный'),
('eed86e22-841b-4767-b607-7b6660e3e5bb', 'Black Guillemot L21', 'ноутбуки', 'MSI', 2, 'стекло', 15, 193, 313, 1761, 2015, 2018, 'Windows', 'красный'),
('9f90b917-2730-40b4-a8ea-503d55d01c6b', 'Common Moorhen O67', 'мониторы', 'HP', 2, 'стекло', 23, 252, 502, 2762, 2023, 2024, 'Linux', 'синий'),
('3cde54a0-6dbb-471e-bebe-5df757cbc90f', 'Northern Pintail T86', 'мониторы', 'Xiaomi', 2, 'пластик', 34, 349, 719, 2773, 2016, 2018, 'Android', 'серый'),
('1697ff62-2bc0-4986-abbe-ee0eff6104d3', 'Bahama Woodstar K93', 'смартфоны', 'Oppo', 3, 'пластик', 7, 160, 79, 186, 2023, null, 'Android', 'желтый'),
('de65d6a0-f757-4e8f-895a-df66ce9019ad', 'White Wagtail A55', 'ноутбуки', 'HP', 5, 'стекло', 14, 184, 309, 1629, 2022, 2023, 'Windows', 'синий'),
('dfa2fa0c-f948-4333-a655-b27441d77b9d', 'Siberian Blue Robin O39', 'часы', 'Xiaomi', 1, 'стекло', 2, 37, 33, 14, 2016, 2017, 'Android', 'белый'),
('3a2e217f-62a6-438c-b2a0-697d831a127f', 'Mountain Quail A64', 'ноутбуки', 'Acer', 1, 'пластик', 13, 174, 298, 1857, 2022, 2024, 'Linux', 'красный'),
('14b00061-9a72-4b7b-adb9-273651f536a7', 'Green Violet-ear K68', 'ноутбуки', 'Lenovo', 1, 'стекло', 17, 221, 384, 1204, 2014, 2015, 'Linux', 'красный'),
('e1797b8a-368e-47d6-b3fb-64d7f32ba42f', 'Red-breasted Sapsucker Y99', 'мониторы', 'MSI', 1, 'стекло', 25, 276, 525, 1160, 2023, null, 'Android', 'белый'),
('cc31c527-df2c-4005-9a86-a2eb4549b23a', 'Black-bellied Whistling-Duck P76', 'мониторы', 'Xiaomi', 5, 'пластик', 33, 395, 854, 2370, 2018, 2022, 'Linux', 'черный'),
('9805697f-c355-4bee-8961-5324a56e04f0', 'Dickcissel W54', 'электронные книги', 'Digma', 2, 'стекло', 9, 206, 93, 194, 2017, 2018, 'Android', 'зеленый'),
('105dede3-444f-4df7-bd85-28f17c936bab', 'Pink-footed Goose W43', 'электронные книги', 'PocketBook', 3, 'пластик', 6, 135, 67, 220, 2020, 2021, 'Android', 'синий'),
('4dc21098-815a-404d-8590-dd2a7946d83a', 'Fan-tailed Warbler U81', 'электронные книги', 'Bookeen', 1, 'стекло', 9, 208, 96, 149, 2015, 2018, 'Android', 'красный'),
('5d76c149-e6e3-4bf5-a922-b0a13a785a3e', 'Fulvous Whistling-Duck A34', 'смартфоны', 'OnePlus', 2, 'стекло', 9, 208, 93, 275, 2020, 2023, 'Android', 'белый'),
('9c118884-3602-4dd8-850b-f8a1ef774b3d', 'Horned Lark D2', 'электронные книги', 'Amazon', 4, 'пластик', 10, 228, 112, 108, 2021, 2022, 'Android', 'красный'),
('f172f4ea-98db-4718-91ac-96d8b906d905', 'Red-faced Warbler P87', 'часы', 'HONOR', 3, 'пластик', 2, 37, 36, 68, 2019, 2020, 'Android', 'черный'),
('2d0b700e-4542-4c4c-8fc9-58817e142737', 'Rock Sandpiper K78', 'смартфоны', 'POCO', 2, 'пластик', 9, 209, 103, 247, 2019, 2020, 'Android', 'красный'),
('387c0d8f-716a-4c59-9c92-2b06ac856f89', 'Sharp-tailed Grouse Q7', 'ноутбуки', 'HP', 1, 'стекло', 14, 185, 297, 1430, 2018, 2020, 'Linux', 'красный'),
('fa932886-13ab-4b72-b8e4-bfab31936fc7', 'Elegant Tern P30', 'мониторы', 'Acer', 1, 'стекло', 30, 314, 599, 1860, 2019, 2022, 'Android', 'синий'),
('2f744879-15eb-4dd3-812d-cebb809caba3', 'Wilson''s Plover M94', 'ноутбуки', 'Apple', 3, 'стекло', 13, 167, 270, 1215, 2016, 2017, 'iOS', 'зеленый'),
('f5f2a6c9-ff0f-45aa-803a-ca57107dca0b', 'Yellow-green Vireo X43', 'смартфоны', 'Apple', 4, 'стекло', 6, 138, 65, 252, 2015, 2019, 'iOS', 'желтый'),
('d799b149-c5c7-4cd9-b185-930c5ce8235a', 'Reddish Egret X10', 'смартфоны', 'Apple', 4, 'стекло', 9, 207, 99, 299, 2023, 2024, 'iOS', 'желтый'),
('6ec8d979-5553-4f23-8873-6ed486c1cffb', 'Labrador Duck E44', 'часы', 'Xiaomi', 2, 'пластик', 1, 20, 19, 76, 2020, 2022, 'Android', 'черный'),
('416485aa-61fc-4b24-9523-4cd3af9e493f', 'Rock Dove I50', 'мониторы', 'ASUS', 4, 'стекло', 31, 350, 795, 2319, 2015, 2019, 'Linux', 'желтый'),
('8b196db7-12de-4c24-a77a-27cd6067b110', 'Brewer''s Blackbird V43', 'мониторы', 'LG', 2, 'стекло', 30, 329, 672, 1641, 2014, 2015, 'Android', 'зеленый'),
('4116d17f-8ccc-440f-af0a-867b13aa67cb', 'Atlantic Puffin F54', 'электронные книги', 'TeXet', 1, 'стекло', 6, 139, 64, 123, 2014, 2018, 'Android', 'желтый'),
('978d14da-9afc-4f1c-8b8a-e89f38c218c3', 'White-rumped Sandpiper M80', 'электронные книги', 'TeXet', 5, 'пластик', 7, 163, 85, 297, 2019, 2021, 'Android', 'серый'),
('f8e6abfa-8c25-498e-97c0-1fec425fd5bc', 'Hepatic Tanager B65', 'ноутбуки', 'Apple', 4, 'пластик', 13, 163, 269, 1793, 2015, 2018, 'iOS', 'зеленый'),
('a8952398-6c00-48de-8e0d-9b2b97f63d20', 'Strickland''s Woodpecker G1', 'часы', 'Samsung', 1, 'стекло', 1, 19, 17, 45, 2020, 2023, 'Android', 'синий'),
('f162052d-dde9-412c-8e39-18d4f8c1bac2', 'Pied-billed Grebe J70', 'электронные книги', 'Bookeen', 5, 'стекло', 7, 159, 74, 176, 2015, 2017, 'Android', 'желтый'),
('4acbfed7-b8a9-488c-9654-4d2d3e79cbd6', 'Chestnut-collared Longspur A69', 'смартфоны', 'Samsung', 3, 'пластик', 6, 137, 66, 292, 2022, null, 'Android', 'белый'),
('1a8a879a-5810-4d73-9628-e0869a27ffba', 'Red-breasted Nuthatch Z39', 'часы', 'Xiaomi', 4, 'пластик', 1, 19, 16, 95, 2021, null, 'Android', 'красный'),
('abbbb4a9-1565-4b87-822c-244e98f13fef', 'Pin-tailed Snipe M98', 'часы', 'Apple', 4, 'пластик', 1, 20, 17, 31, 2022, 2023, 'iOS', 'серый'),
('a6b7b5c1-6a17-462e-b771-5894d995ea37', 'Greater Flamingo U65', 'электронные книги', 'Bookeen', 5, 'пластик', 8, 185, 85, 242, 2017, 2020, 'Android', 'черный'),
('809e66b9-ffd0-42a4-9faf-ecde64058383', 'Townsend''s Warbler X38', 'электронные книги', 'Irbis', 3, 'пластик', 12, 272, 121, 276, 2018, 2019, 'Android', 'желтый'),
('2c065e7f-8bee-44c2-b82b-8d74a803d207', 'Indigo Bunting L88', 'смартфоны', 'Apple', 4, 'пластик', 7, 163, 78, 149, 2015, 2016, 'iOS', 'желтый'),
('4b6d1492-9412-4d1a-adfd-44bfdae6ac27', 'Horned Lark K8', 'электронные книги', 'Bookeen', 3, 'стекло', 6, 139, 68, 283, 2020, 2021, 'Android', 'черный'),
('f56a5df5-8ad2-4502-bdca-3554aa42493f', 'Eurasian Bullfinch Z57', 'часы', 'HUAWEI', 3, 'стекло', 1, 19, 18, 33, 2016, 2020, 'Android', 'черный'),
('62ea03c1-f914-490e-bd03-f8f65eeb2495', 'American Pipit A42', 'мониторы', 'LG', 4, 'пластик', 26, 273, 549, 2740, 2023, 2024, 'Android', 'красный'),
('72b1be7d-75aa-4e50-8e80-c5ab33d757fb', 'Red-breasted Flycatcher Y36', 'часы', 'Apple', 3, 'стекло', 2, 38, 38, 21, 2020, 2022, 'iOS', 'желтый'),
('b8d0f62a-5e20-422c-ac7b-30b2230aee08', 'La Sagra''s Flycatcher V65', 'электронные книги', 'TeXet', 2, 'стекло', 6, 134, 72, 231, 2018, 2021, 'Android', 'красный'),
('74f501aa-456e-43c0-ae91-c27fc6228133', 'Tricolored Heron R8', 'часы', 'Amazfit', 5, 'стекло', 1, 21, 18, 82, 2017, 2018, 'Android', 'серый'),
('9d5e24da-d111-4213-a4a3-b93eed061338', 'Pectoral Sandpiper M49', 'смартфоны', 'HUAWEI', 4, 'пластик', 7, 163, 72, 278, 2014, 2016, 'Android', 'желтый'),
('afa19d12-c315-4fb0-9a99-2a74d65933d4', 'Dickcissel L63', 'ноутбуки', 'Acer', 1, 'пластик', 16, 201, 353, 1721, 2021, 2024, 'Windows', 'серый'),
('413c8aaf-e2bb-43f3-b54d-dd98362db845', 'Greater White-fronted Goose V74', 'часы', 'Samsung', 1, 'стекло', 2, 38, 30, 93, 2021, 2022, 'Android', 'черный'),
('c34b2d3d-eaa0-416d-bc50-76312fd8262e', 'Least Sandpiper C80', 'смартфоны', 'Apple', 1, 'стекло', 8, 186, 87, 111, 2014, 2016, 'iOS', 'красный'),
('a91afb80-dba2-441d-884d-6ec340e358c1', 'Oldsquaw H5', 'часы', 'HUAWEI', 2, 'пластик', 2, 40, 38, 37, 2014, 2015, 'Android', 'зеленый'),
('76d89ce3-403b-4e50-a10a-2194ad4dbef9', 'Scott''s Oriole V17', 'смартфоны', 'Oppo', 1, 'стекло', 8, 185, 86, 122, 2020, 2024, 'Android', 'синий'),
('3197803b-5f9a-47ca-bc7d-25b7cfaaba95', 'Western Reef-Heron I73', 'ноутбуки', 'HP', 1, 'пластик', 16, 210, 338, 1458, 2016, 2017, 'Windows', 'красный'),
('e85aa66e-4dd7-49f1-9817-41ec4c46bb4d', 'Wilson''s Storm-Petrel L34', 'смартфоны', 'Sony', 5, 'пластик', 6, 137, 68, 138, 2023, null, 'Android', 'черный'),
('e58a1655-c994-4afc-9495-c5504ed52293', 'Bananaquit A2', 'смартфоны', 'Meizu', 5, 'стекло', 8, 186, 92, 215, 2021, null, 'Android', 'синий'),
('f40afbb2-625e-4ead-bfe1-ac5cd5e097fc', 'Far Eastern Curlew M35', 'смартфоны', 'Meizu', 5, 'пластик', 6, 137, 62, 182, 2015, 2016, 'Android', 'красный'),
('b0521fd9-a6ef-4e76-bf9e-fe7951a8c92c', 'Black-vented Shearwater Y11', 'мониторы', 'LG', 2, 'пластик', 30, 346, 711, 2084, 2020, 2024, 'Linux', 'синий'),
('8e731186-5197-4d78-85a0-bc6cd124f020', 'Swamp Sparrow O38', 'мониторы', 'MSI', 3, 'пластик', 28, 281, 567, 1309, 2020, 2022, 'Linux', 'белый'),
('178aff37-17b9-4895-92bb-c54a7d7cad90', 'Berylline Hummingbird P67', 'мониторы', 'Acer', 3, 'стекло', 20, 218, 491, 1155, 2016, 2020, 'Android', 'красный'),
('a74a863a-1d22-4345-966e-9dbb4919d2fc', 'Blue-throated Hummingbird Z79', 'часы', 'HUAWEI', 5, 'пластик', 2, 40, 40, 33, 2023, 2024, 'Android', 'синий'),
('d5b1e599-406b-423c-9d2e-2b4e2d98ee19', 'Tree Swallow J85', 'смартфоны', 'POCO', 5, 'стекло', 6, 138, 63, 163, 2016, 2017, 'Android', 'синий'),
('e5988924-70ab-4ee6-a3c0-b4cdba8633da', 'Yellow-breasted Chat R92', 'смартфоны', 'Sony', 4, 'пластик', 9, 208, 101, 132, 2022, null, 'Android', 'желтый'),
('943572f0-4f4b-417c-bfc9-023a05c224f2', 'Common Grackle N13', 'электронные книги', 'Irbis', 4, 'пластик', 11, 249, 123, 129, 2023, null, 'Android', 'зеленый'),
('1b409a64-306a-4d5c-b928-6fbd546af152', 'Common Nighthawk I20', 'ноутбуки', 'ASUS', 4, 'пластик', 16, 212, 343, 1869, 2014, 2017, 'Linux', 'синий'),
('7abeb47e-3d5d-4c90-9f39-568664327ca1', 'Chuck-will''s-widow P13', 'мониторы', 'Acer', 1, 'пластик', 30, 312, 715, 1111, 2017, 2021, 'Android', 'синий'),
('784e00d6-636e-4bb5-b690-f390a0a5e1b7', 'Shiny Cowbird H89', 'смартфоны', 'POCO', 2, 'стекло', 9, 208, 98, 102, 2014, 2018, 'Android', 'красный'),
('7c76b93e-b72b-4a36-8401-def91bfe3125', 'Brown Thrasher L37', 'смартфоны', 'POCO', 5, 'стекло', 9, 207, 101, 299, 2023, 2024, 'Android', 'белый'),
('4873f8d4-e136-4bbd-a398-2f5c95304919', 'Himalayan Snowcock X88', 'ноутбуки', 'MSI', 3, 'пластик', 13, 170, 290, 1870, 2020, 2021, 'Windows', 'зеленый'),
('09f0936a-a82c-49a8-8afd-a72491d882ba', 'Gray-spotted Flycatcher O73', 'мониторы', 'Lenovo', 3, 'пластик', 25, 263, 531, 1771, 2019, 2021, 'Linux', 'черный'),
('0d68a8f1-8930-4cf3-83c5-cd9a0214d670', 'Bahama Swallow N66', 'смартфоны', 'HONOR', 5, 'пластик', 9, 208, 103, 247, 2021, 2024, 'Android', 'красный'),
('38bf79ef-6988-482c-96f5-a94f45507722', 'Shiny Cowbird B8', 'часы', 'Amazfit', 4, 'пластик', 2, 41, 35, 89, 2020, 2024, 'Android', 'синий'),
('07425290-8de6-4a96-a996-70ef47c80370', 'Black-whiskered Vireo R68', 'электронные книги', 'Amazon', 1, 'стекло', 6, 137, 68, 188, 2016, 2019, 'Android', 'белый'),
('96bb821d-d81c-4359-a1ca-dda97ecb23f8', 'Royal Tern B44', 'мониторы', 'MSI', 3, 'пластик', 32, 378, 857, 1486, 2015, 2018, 'Android', 'белый'),
('cb98419c-9677-4340-9ac0-ed8bb2e6c265', 'Broad-billed Sandpiper N22', 'мониторы', 'LG', 3, 'стекло', 34, 383, 700, 2330, 2016, 2019, 'Linux', 'желтый'),
('7b179929-49aa-48a7-bf1c-821d0a245bd7', 'Red-necked Stint L18', 'мониторы', 'Lenovo', 2, 'стекло', 31, 356, 813, 1558, 2015, 2018, 'Linux', 'красный'),
('622ddaab-dced-4da8-847b-f24d1c0b5e3d', 'Great Spotted Woodpecker C74', 'электронные книги', 'PocketBook', 4, 'пластик', 8, 181, 85, 230, 2017, 2020, 'Android', 'зеленый'),
('6587a58a-abe9-4ce4-bc3e-a7a330255948', 'Gray Vireo B51', 'часы', 'Apple', 3, 'стекло', 2, 40, 40, 81, 2022, 2024, 'iOS', 'серый'),
('a9d9f793-7d35-4627-8265-6cf97ed361dc', 'Brown-crested Flycatcher H33', 'мониторы', 'MSI', 5, 'пластик', 24, 279, 636, 2175, 2015, 2017, 'Linux', 'зеленый'),
('37f86350-c282-4aae-8cb1-8567949f7def', 'Gray-crowned Rosy-Finch C59', 'смартфоны', 'Sony', 4, 'пластик', 8, 182, 81, 117, 2016, 2018, 'Android', 'синий'),
('a4fb42d9-ceca-4444-b385-f224ef8590e1', 'Gray Vireo J69', 'мониторы', 'LG', 5, 'пластик', 30, 370, 847, 2474, 2018, 2022, 'Linux', 'серый'),
('98a58ea6-4314-44b7-884a-d781abd79fd5', 'Curve-billed Thrasher U81', 'часы', 'HONOR', 5, 'пластик', 1, 21, 18, 23, 2014, 2018, 'Android', 'синий'),
('41472d5e-20ca-4b5f-9ab7-2c4e2cdd326a', 'Black-headed Gull A99', 'смартфоны', 'OnePlus', 1, 'пластик', 6, 139, 70, 291, 2019, 2020, 'Android', 'желтый'),
('7c3badfe-fd37-44a5-86df-d5ef48fda811', 'Northern Wheatear N42', 'мониторы', 'Dell', 1, 'стекло', 27, 299, 616, 1239, 2022, null, 'Linux', 'белый'),
('9987db4c-4139-494f-9ed2-b5b3794d53c5', 'Yellow-legged Gull D35', 'ноутбуки', 'Apple', 4, 'пластик', 17, 221, 385, 1847, 2018, 2020, 'iOS', 'белый'),
('a42a6f63-03e6-4f1a-9f97-b74fed68cc6d', 'Bullock''s Oriole E64', 'часы', 'Xiaomi', 3, 'пластик', 2, 38, 30, 57, 2020, 2024, 'Android', 'серый'),
('25563448-f460-4925-86a8-a0b2f802f3f0', 'Aleutian Tern K4', 'часы', 'Amazfit', 5, 'пластик', 2, 39, 39, 85, 2017, 2021, 'Android', 'серый'),
('34ce9d2a-d459-4883-bf7a-977e00993c2c', 'Lanceolated Warbler Y56', 'ноутбуки', 'HP', 4, 'пластик', 15, 199, 329, 1329, 2019, 2021, 'Linux', 'красный'),
('f04a30bc-28d2-41be-b979-b1835cba093c', 'Slaty-backed Gull F30', 'электронные книги', 'Irbis', 5, 'пластик', 10, 225, 99, 188, 2021, 2022, 'Android', 'синий'),
('5503edd1-a5e6-4f59-9c4f-13cc90095982', 'Common Ground-Dove X61', 'мониторы', 'HP', 5, 'стекло', 29, 327, 643, 2011, 2023, null, 'Linux', 'черный'),
('c7c8495a-b7b0-461b-afd1-f3a19baa2790', 'Common Murre Z67', 'ноутбуки', 'Acer', 5, 'стекло', 16, 207, 366, 1221, 2016, 2019, 'Linux', 'черный'),
('a311ccdf-6412-4d95-bee6-f1bc79fe766f', 'Chihuahuan Raven W60', 'электронные книги', 'Amazon', 4, 'стекло', 12, 278, 132, 256, 2015, 2018, 'Android', 'белый'),
('4eb23e9d-f299-4911-9805-1d6391471e55', 'Anna''s Hummingbird G75', 'смартфоны', 'Apple', 2, 'стекло', 8, 183, 85, 185, 2022, null, 'iOS', 'зеленый'),
('657e76e2-0790-40b3-b8c5-0b4b4ff529f1', 'Audubon''s Oriole S17', 'электронные книги', 'Digma', 2, 'пластик', 7, 158, 85, 264, 2016, 2019, 'Android', 'красный'),
('18adb34a-6e7f-4ff5-84c2-4a3d735dde42', 'Orange-crowned Warbler L62', 'электронные книги', 'Irbis', 4, 'пластик', 8, 180, 93, 278, 2022, null, 'Android', 'красный'),
('56c2e72f-97bd-49af-bfb3-0c174a8feaeb', 'American Goldfinch V39', 'часы', 'Xiaomi', 3, 'пластик', 1, 19, 18, 80, 2022, 2024, 'Android', 'белый'),
('e22f293a-2481-45c2-bc82-e7c4888b29f2', 'Ivory-billed Woodpecker M74', 'электронные книги', 'Bookeen', 1, 'стекло', 10, 230, 128, 128, 2023, null, 'Android', 'серый'),
('aac75dbb-2d6f-4b07-af45-b25ebadf0faf', 'Arctic Tern U14', 'электронные книги', 'Digma', 3, 'стекло', 11, 251, 140, 180, 2015, 2019, 'Android', 'зеленый'),
('954a1ed4-fba1-4338-9cb3-d935ef8ea3db', 'Greater Scaup P40', 'мониторы', 'ASUS', 4, 'пластик', 32, 336, 655, 2167, 2017, 2018, 'Android', 'серый'),
('ee5025b0-edf7-4aa0-badd-0737c938f87b', 'Olive-backed Pipit O96', 'часы', 'Xiaomi', 3, 'стекло', 1, 19, 15, 43, 2022, null, 'Android', 'серый'),
('6d3287b2-8c68-4285-b7ea-a3f617148636', 'Hutton''s Vireo C59', 'смартфоны', 'Sony', 1, 'пластик', 5, 115, 53, 277, 2020, 2023, 'Android', 'зеленый'),
('0149bb2a-edd1-49d6-9b93-f0cbbda0914e', 'Black Guillemot V18', 'часы', 'HUAWEI', 4, 'стекло', 1, 21, 21, 61, 2020, 2023, 'Android', 'белый'),
('f061773f-54a5-4b18-bf15-10e8b4f0d07d', 'Bicknell''s Thrush M9', 'смартфоны', 'POCO', 4, 'стекло', 5, 116, 52, 191, 2023, null, 'Android', 'белый'),
('3087da5c-42a1-4bd6-a2b6-d1d187e807a5', 'Masked Tityra I96', 'мониторы', 'Dell', 2, 'пластик', 29, 307, 653, 1402, 2020, 2022, 'Android', 'черный'),
('b3056a4c-6508-4d8f-a7ce-7e80ddd5a4bb', 'Sooty Shearwater D35', 'электронные книги', 'PocketBook', 1, 'пластик', 10, 225, 122, 241, 2019, 2023, 'Android', 'желтый'),
('57dcbb4f-b942-4877-b371-ac58dcbd07cd', 'Gray-cheeked Thrush L20', 'ноутбуки', 'Acer', 2, 'пластик', 15, 200, 325, 1432, 2016, 2019, 'Windows', 'красный'),
('0cd6fc9f-7514-4858-bb42-1ecae1ccf46b', 'Inca Dove U35', 'мониторы', 'Samsung', 1, 'стекло', 31, 345, 763, 1713, 2016, 2019, 'Linux', 'желтый'),
('f6e5c7ed-eaad-410e-8e95-8843200bb8a1', 'Marbled Godwit Z57', 'часы', 'HUAWEI', 5, 'пластик', 1, 20, 16, 28, 2022, 2024, 'Android', 'белый'),
('4e19b174-4464-4077-8bc6-531bdbf3a880', 'Red-breasted Nuthatch A32', 'мониторы', 'Samsung', 4, 'пластик', 25, 298, 539, 1941, 2022, null, 'Linux', 'белый'),
('bcb6095c-d77c-44af-9b43-207103cd50db', 'Brant K9', 'электронные книги', 'Digma', 2, 'пластик', 7, 156, 79, 218, 2016, 2019, 'Android', 'черный'),
('b5a57c6a-83f4-4dd8-826f-f5745b1665e7', 'Red-legged Kittiwake R67', 'ноутбуки', 'Apple', 5, 'пластик', 17, 226, 390, 1246, 2014, 2016, 'iOS', 'синий'),
('c5265019-6463-4141-86cc-288d5f26266f', 'Chihuahuan Raven P40', 'мониторы', 'Lenovo', 4, 'пластик', 33, 351, 767, 1197, 2018, 2020, 'Android', 'синий'),
('8909d0a1-e872-4ed4-95fb-e6cd4e847408', 'Eastern Towhee X77', 'смартфоны', 'Sony', 3, 'стекло', 6, 140, 62, 260, 2020, 2023, 'Android', 'серый'),
('22608db1-7765-48eb-8410-bcf16b647b2b', 'Fan-tailed Warbler E74', 'электронные книги', 'Irbis', 2, 'стекло', 8, 179, 90, 231, 2018, 2019, 'Android', 'зеленый'),
('8fd08926-ff33-4dff-b2ce-8b0ad4ade05d', 'White-eyed Vireo Y33', 'электронные книги', 'Amazon', 5, 'стекло', 6, 136, 68, 297, 2018, 2020, 'Android', 'серый'),
('12c8ee94-3242-42b3-97bb-f990b842f42c', 'White-cheeked Pintail C66', 'ноутбуки', 'ASUS', 4, 'пластик', 17, 223, 396, 1938, 2020, 2021, 'Windows', 'красный'),
('0b57b706-457b-47bc-b6f7-e147bda23f77', 'Golden Eagle Q69', 'смартфоны', 'Oppo', 4, 'стекло', 7, 161, 76, 288, 2014, 2016, 'Android', 'синий'),
('7f644549-0ebe-41e6-a61c-23e267946ef8', 'Nashville Warbler Q1', 'смартфоны', 'Xiaomi', 1, 'стекло', 6, 137, 63, 245, 2015, 2019, 'Android', 'желтый'),
('20e2bf05-0ca5-4347-92fe-966e46658e14', 'Brewer''s Sparrow N66', 'часы', 'HUAWEI', 3, 'стекло', 2, 38, 38, 12, 2023, null, 'Android', 'красный'),
('f8888331-a966-4bcc-a99e-675b23fa2274', 'Red-naped Sapsucker I73', 'ноутбуки', 'MSI', 3, 'стекло', 13, 175, 306, 1053, 2014, 2015, 'Windows', 'желтый'),
('735876d3-467c-42f0-a465-ecbee6cabb5d', 'Terek Sandpiper H9', 'смартфоны', 'Apple', 5, 'стекло', 9, 206, 103, 154, 2022, 2024, 'iOS', 'желтый'),
('2634f8e2-de70-4bce-9408-5d2f2074951f', 'Flammulated Owl K55', 'смартфоны', 'Apple', 3, 'стекло', 9, 210, 97, 133, 2017, 2021, 'iOS', 'красный'),
('0c9b74aa-1382-41b7-ba24-a397fc406ccc', 'Grace''s Warbler M36', 'смартфоны', 'Xiaomi', 5, 'стекло', 7, 161, 74, 296, 2021, 2024, 'Android', 'черный'),
('0dd7388e-7970-4124-b244-e83ec5ddee94', 'Black Guillemot P25', 'смартфоны', 'Apple', 4, 'пластик', 6, 139, 63, 104, 2015, 2016, 'iOS', 'белый'),
('dd8da968-ce4e-4a3e-b607-6d46516c1a5a', 'Loggerhead Kingbird D50', 'электронные книги', 'Irbis', 4, 'пластик', 10, 233, 123, 251, 2018, 2021, 'Android', 'желтый'),
('2adbd292-e6d5-4a79-85c9-46305397f8bd', 'American White Pelican R49', 'мониторы', 'Dell', 2, 'пластик', 31, 369, 803, 2694, 2019, 2020, 'Android', 'красный'),
('40926e61-5fcc-43a9-8c41-164ff8198abc', 'Lazuli Bunting D50', 'мониторы', 'LG', 3, 'пластик', 25, 303, 592, 1518, 2016, 2017, 'Android', 'красный'),
('9fbdfdaa-5615-4ded-9e3e-b3eb63ce6d0b', 'Eurasian Bullfinch F15', 'электронные книги', 'TeXet', 3, 'стекло', 7, 161, 82, 243, 2021, 2024, 'Android', 'белый'),
('4106868c-67f6-499e-8db0-b8a35521cdda', 'Hooded Warbler Z84', 'электронные книги', 'PocketBook', 3, 'пластик', 5, 116, 64, 234, 2017, 2018, 'Android', 'красный'),
('d372e19b-6edc-4867-8704-02805eb675f0', 'Pine Grosbeak A73', 'смартфоны', 'Xiaomi', 4, 'пластик', 9, 210, 99, 116, 2022, null, 'Android', 'желтый'),
('36282adb-3f81-4713-87e8-8e3664cb5ef6', 'Common Eider Z12', 'мониторы', 'Acer', 1, 'пластик', 24, 297, 669, 2588, 2018, 2022, 'Linux', 'серый'),
('30ff32d3-11cd-4e7c-bedf-e7cf01c9552d', 'Eurasian Wigeon G83', 'часы', 'HUAWEI', 5, 'стекло', 2, 37, 30, 83, 2018, 2019, 'Android', 'синий'),
('17725341-8893-455a-acc4-dbc291e8cbd0', 'Rusty Blackbird P46', 'электронные книги', 'Digma', 5, 'пластик', 12, 268, 145, 179, 2022, null, 'Android', 'белый'),
('7369c1aa-1a32-43ef-b8be-37b8c75ee9fd', 'Greater Roadrunner W9', 'ноутбуки', 'Apple', 1, 'стекло', 13, 171, 288, 1887, 2014, 2015, 'iOS', 'серый'),
('1e6857eb-444c-4621-b2e9-8fb0691f310d', 'Burrowing Owl E52', 'смартфоны', 'Apple', 4, 'пластик', 7, 162, 75, 256, 2015, 2016, 'iOS', 'серый'),
('e33bf1ea-3cf5-45c5-be11-c383a5619912', 'Black-chinned Sparrow Q58', 'ноутбуки', 'Acer', 4, 'стекло', 13, 173, 298, 1924, 2018, 2021, 'Windows', 'черный'),
('e4fbd1d8-3d21-4306-8876-ead6fd230ffb', 'Song Sparrow W50', 'электронные книги', 'Amazon', 2, 'стекло', 5, 114, 64, 242, 2024, null, 'Android', 'желтый'),
('62271d9a-7c1c-4db2-b86e-0de8357dd9d7', 'Warbling Vireo R82', 'ноутбуки', 'ASUS', 1, 'пластик', 17, 215, 361, 2000, 2015, 2019, 'Windows', 'серый'),
('991b16cd-9ffe-468e-8a94-d859a6cdf423', 'Le Conte''s Sparrow R45', 'смартфоны', 'Google', 3, 'стекло', 8, 187, 94, 108, 2020, 2021, 'Android', 'белый'),
('2f3b8588-0417-4db8-8eaa-6f4a6fda53d4', 'Collared Plover H17', 'часы', 'Amazfit', 5, 'стекло', 1, 19, 18, 11, 2022, null, 'Android', 'желтый'),
('ec5f2ed9-2e99-4306-ac11-8fb61589621c', 'Hook-billed Kite X36', 'часы', 'Redmi', 1, 'стекло', 1, 19, 18, 57, 2016, 2020, 'Android', 'красный'),
('41355ae3-1ac7-4f87-a8f8-416575ba3eab', 'Eurasian Hobby E6', 'мониторы', 'Lenovo', 3, 'стекло', 22, 240, 502, 2086, 2023, null, 'Linux', 'серый'),
('bd102f11-14ff-4823-9079-a00ee3c6a2a9', 'Bumblebee Hummingbird P90', 'электронные книги', 'TeXet', 3, 'пластик', 8, 184, 85, 169, 2019, 2022, 'Android', 'красный'),
('6ee6eb71-23af-4c9c-ba1e-4c77b3747885', 'Oriental Pratincole X81', 'ноутбуки', 'Acer', 1, 'стекло', 15, 189, 325, 1091, 2021, null, 'Linux', 'черный'),
('1d0d3839-fb95-44cd-8ee9-f681ee855e55', 'Brown Shrike V18', 'часы', 'HONOR', 3, 'стекло', 2, 40, 37, 22, 2022, null, 'Android', 'синий'),
('4db8e962-5f76-4bc5-866e-87698cffc3eb', 'Wood Warbler A43', 'электронные книги', 'PocketBook', 2, 'стекло', 6, 134, 70, 229, 2014, 2016, 'Android', 'красный'),
('8fd549fb-e0f9-4e66-af6e-d97100b54090', 'Cassin''s Auklet N10', 'часы', 'HONOR', 1, 'стекло', 1, 21, 21, 44, 2022, null, 'Android', 'белый'),
('a8ef37a9-9805-49c0-9379-2fd14cc375bb', 'Little Blue Heron B44', 'мониторы', 'Samsung', 4, 'стекло', 30, 369, 720, 1014, 2016, 2017, 'Linux', 'серый'),
('81224946-0601-4261-b8ff-565fc4982442', 'Le Conte''s Sparrow T22', 'мониторы', 'Acer', 5, 'стекло', 22, 232, 464, 1054, 2021, 2024, 'Android', 'желтый'),
('3f573a74-0899-475b-9565-01527c85b18e', 'Hermit Warbler Y77', 'мониторы', 'Xiaomi', 4, 'стекло', 28, 337, 733, 1544, 2018, 2020, 'Android', 'серый'),
('389242d2-f99b-45ae-bbed-34a0e444879a', 'Red Crossbill E21', 'электронные книги', 'Amazon', 3, 'пластик', 12, 270, 120, 114, 2020, 2024, 'Android', 'зеленый'),
('d457115d-f94e-4f3e-b11e-d1e30f2a6491', 'Sage Grouse S2', 'ноутбуки', 'ASUS', 1, 'стекло', 17, 223, 380, 1514, 2023, null, 'Linux', 'желтый'),
('160bbef7-cad4-4b23-8382-1bfe28a94bb9', 'Northern Mockingbird X24', 'смартфоны', 'Oppo', 3, 'пластик', 9, 210, 104, 192, 2017, 2021, 'Android', 'серый'),
('465fd24f-fe37-4101-9791-03c19889ea9b', 'White Wagtail M41', 'ноутбуки', 'HP', 3, 'пластик', 15, 195, 324, 1316, 2016, 2017, 'Linux', 'черный'),
('afca5d81-315a-441e-a771-fd3bb9ca8550', 'Gila Woodpecker W77', 'электронные книги', 'PocketBook', 1, 'стекло', 10, 227, 118, 221, 2018, 2022, 'Android', 'красный'),
('5d530fb8-727b-43a4-b869-0d665ab8f28b', 'Black Guillemot M5', 'ноутбуки', 'ASUS', 3, 'пластик', 13, 174, 297, 1921, 2016, 2019, 'Linux', 'зеленый'),
('e68079d2-21ab-4fd3-b753-5c959354f03f', 'Botteri''s Sparrow C96', 'часы', 'Redmi', 5, 'пластик', 2, 39, 31, 68, 2021, null, 'Android', 'зеленый'),
('cda8c1af-062a-439e-bc5c-cf14b50d547a', 'Hermit Thrush S47', 'электронные книги', 'Bookeen', 1, 'пластик', 12, 278, 150, 212, 2018, 2021, 'Android', 'красный'),
('ccc52a5e-3684-468d-bb9d-9c4bb1a6b64f', 'Little Ringed Plover D64', 'часы', 'Apple', 2, 'стекло', 1, 19, 19, 77, 2017, 2019, 'iOS', 'синий'),
('2d737615-5829-4eda-a252-4a9533cea9b1', 'Clay-colored Robin J28', 'часы', 'Apple', 3, 'пластик', 2, 37, 36, 12, 2021, 2023, 'iOS', 'серый'),
('06b9138b-8bfc-40c9-9603-4bdbe4521624', 'Cuban Martin T76', 'ноутбуки', 'Lenovo', 2, 'стекло', 17, 219, 383, 1966, 2015, 2017, 'Windows', 'черный'),
('a90a78a1-c720-456f-9eb8-6142c1d8f97c', 'Pine Warbler B79', 'смартфоны', 'Oppo', 1, 'стекло', 9, 209, 95, 249, 2024, null, 'Android', 'красный'),
('026a688a-f623-4ca2-bf92-22a76f6588bb', 'Brewer''s Sparrow E81', 'электронные книги', 'TeXet', 5, 'стекло', 11, 252, 120, 176, 2018, 2020, 'Android', 'красный'),
('5df82718-293d-4c5f-a708-b69370397154', 'Yellow-throated Vireo I51', 'смартфоны', 'HONOR', 4, 'пластик', 5, 116, 54, 153, 2015, 2019, 'Android', 'белый'),
('9523943a-eab4-412d-8bc4-20ed9c20ad92', 'Purple Sandpiper E35', 'электронные книги', 'PocketBook', 4, 'пластик', 5, 117, 57, 209, 2020, 2023, 'Android', 'желтый'),
('df93d7c2-8c77-4022-887b-0f5c59b488a7', 'Lesser Goldfinch W10', 'ноутбуки', 'Dell', 5, 'пластик', 17, 214, 376, 1908, 2015, 2018, 'Windows', 'белый'),
('05578202-7e31-425b-820a-a312ae6bb3e8', 'Black-chinned Hummingbird Z57', 'мониторы', 'Xiaomi', 3, 'стекло', 30, 348, 694, 1028, 2023, null, 'Linux', 'красный'),
('896a91c1-1569-426e-9923-28813713a042', 'Marbled Murrelet A74', 'смартфоны', 'Apple', 3, 'стекло', 7, 161, 79, 104, 2021, 2022, 'iOS', 'красный'),
('00ab471e-80a7-4585-8e9c-8ba6e37e07cc', 'Rufous-crowned Sparrow J88', 'часы', 'Apple', 4, 'стекло', 2, 40, 34, 86, 2018, 2020, 'iOS', 'серый'),
('8e83a1f6-8e2e-4d4a-9d57-2e5973024cf5', 'Roseate Tern M33', 'ноутбуки', 'MSI', 3, 'пластик', 17, 213, 366, 1736, 2023, null, 'Windows', 'серый'),
('64202c4d-99b8-4adc-b703-5e3c79683f99', 'King Eider U44', 'мониторы', 'Dell', 2, 'пластик', 33, 337, 637, 2034, 2018, 2021, 'Android', 'черный'),
('fe033b81-6cb9-4508-9e9d-25678a0fc4a6', 'White-crowned Sparrow F68', 'смартфоны', 'Apple', 5, 'стекло', 7, 161, 76, 149, 2020, 2021, 'iOS', 'серый'),
('6348c15b-639c-4228-ba02-c023afc114f4', 'Veery V28', 'мониторы', 'Samsung', 1, 'пластик', 25, 268, 528, 1879, 2018, 2022, 'Android', 'белый'),
('77906d56-9729-44a2-8196-06866a50d6d7', 'Red Crossbill H39', 'ноутбуки', 'Apple', 3, 'стекло', 17, 223, 359, 1784, 2017, 2020, 'iOS', 'белый'),
('b185ffb5-8d23-4dde-adaf-86663ea9e6fd', 'Sharp-tailed Sandpiper Q15', 'мониторы', 'HP', 4, 'стекло', 20, 246, 492, 2263, 2022, null, 'Linux', 'красный'),
('a19bb93a-fcaa-4f4a-b8d5-6fb0ff1266b0', 'Northern Bobwhite H86', 'смартфоны', 'HONOR', 2, 'пластик', 9, 205, 93, 150, 2015, 2019, 'Android', 'синий'),
('1bdddad8-77cb-4b85-8109-1e3d719699fb', 'Hooded Merganser G81', 'ноутбуки', 'Apple', 2, 'пластик', 14, 183, 307, 1064, 2018, 2022, 'iOS', 'синий'),
('82306e40-c71a-498a-baf4-5cb130375a22', 'California Quail Y18', 'мониторы', 'Xiaomi', 4, 'пластик', 21, 254, 530, 2462, 2014, 2016, 'Linux', 'серый'),
('f8459b66-cd4a-46cd-8b3f-b943f72b8491', 'Chestnut-backed Chickadee Q53', 'мониторы', 'Xiaomi', 3, 'пластик', 28, 336, 740, 2518, 2017, 2019, 'Linux', 'белый'),
('edc78dee-1ba1-4ba4-92e9-940ec843d372', 'Baltimore Oriole R82', 'мониторы', 'LG', 2, 'стекло', 31, 327, 732, 1085, 2022, null, 'Linux', 'зеленый'),
('950c7dbc-b002-4561-914c-1cab14c7b652', 'Cook''s Petrel D75', 'электронные книги', 'Bookeen', 3, 'пластик', 5, 112, 57, 124, 2020, 2024, 'Android', 'желтый'),
('5e930c18-cb02-43d8-b2bc-46b22d16164a', 'Wood Sandpiper J60', 'электронные книги', 'Digma', 3, 'пластик', 8, 179, 80, 153, 2024, null, 'Android', 'желтый'),
('1faa7181-413b-427f-863e-ac0e3ae93f3b', 'Spruce Grouse D75', 'электронные книги', 'Amazon', 5, 'пластик', 10, 226, 102, 297, 2023, null, 'Android', 'синий'),
('5e1e8157-8f69-4a75-b833-878c51331963', 'Cassin''s Auklet B11', 'электронные книги', 'PocketBook', 2, 'пластик', 7, 162, 86, 111, 2018, 2020, 'Android', 'черный'),
('8a54580d-12a5-452f-8692-5de0d2e105d0', 'Western Grebe T47', 'электронные книги', 'TeXet', 3, 'стекло', 6, 137, 68, 222, 2014, 2018, 'Android', 'черный'),
('9bd2083f-f9d5-4015-8a53-84d81185d053', 'Yellow-legged Gull S98', 'часы', 'HONOR', 3, 'стекло', 1, 20, 16, 33, 2019, 2021, 'Android', 'зеленый'),
('63b2d6a9-4edb-498e-b21a-2a8f6fbbb05b', 'Western Grebe T84', 'смартфоны', 'Oppo', 3, 'пластик', 5, 116, 57, 209, 2022, null, 'Android', 'черный'),
('113d5b9c-e474-41de-90d9-631f9c0cd504', 'Long-billed Murrelet E86', 'мониторы', 'Lenovo', 5, 'стекло', 33, 341, 737, 2298, 2023, null, 'Android', 'красный'),
('2fdcef1e-8df3-4420-b24f-f8196dcf3d38', 'Atlantic Puffin O79', 'ноутбуки', 'Dell', 5, 'стекло', 15, 191, 329, 1100, 2019, 2020, 'Windows', 'серый'),
('4d43d951-b5d2-4cd8-ad14-9fb26437e9ca', 'Calliope Hummingbird V77', 'мониторы', 'Lenovo', 3, 'стекло', 21, 228, 519, 1825, 2016, 2019, 'Android', 'желтый'),
('b8c2634f-1523-4b45-90ab-1f791cee7d0e', 'Blue Jay J89', 'ноутбуки', 'ASUS', 2, 'пластик', 14, 180, 290, 1666, 2021, 2023, 'Linux', 'желтый'),
('f2102f24-b2f0-4391-ae6f-68e045bec1fd', 'Curlew Sandpiper I27', 'ноутбуки', 'Dell', 5, 'стекло', 15, 189, 322, 1154, 2018, 2020, 'Linux', 'синий'),
('f056adea-db36-4e41-8f45-14aa9f0d7238', 'Hooded Merganser W5', 'часы', 'Samsung', 3, 'стекло', 1, 20, 17, 38, 2018, 2022, 'Android', 'синий'),
('f167cc99-94b3-42fb-ac92-32bf149076d1', 'Couch''s Kingbird V40', 'смартфоны', 'Sony', 4, 'пластик', 8, 186, 92, 255, 2020, 2022, 'Android', 'серый'),
('3565cfc3-3ae4-4f6e-bf28-829eb1a2c2ce', 'Bay-breasted Warbler F42', 'часы', 'Amazfit', 4, 'стекло', 1, 19, 18, 64, 2018, 2020, 'Android', 'черный'),
('acca0f52-e027-44ca-8c9b-7bbf0016742c', 'Eurasian Oystercatcher V53', 'мониторы', 'MSI', 5, 'стекло', 34, 368, 809, 2548, 2023, null, 'Android', 'синий'),
('5fd88034-d438-49b3-85d4-b4b1b5b4292f', 'Dusky Warbler Z23', 'часы', 'Redmi', 1, 'пластик', 2, 41, 36, 21, 2017, 2020, 'Android', 'черный'),
('96a27d1d-38b2-4ce8-814d-c3314e22b7f3', 'Yellow-billed Loon D10', 'мониторы', 'MSI', 5, 'стекло', 27, 308, 710, 2680, 2021, 2024, 'Linux', 'желтый'),
('8f690e8e-11ce-46cd-ba2b-3fefc94fd89f', 'Western Bluebird B19', 'смартфоны', 'POCO', 5, 'стекло', 9, 206, 98, 186, 2023, null, 'Android', 'серый'),
('7f15448a-5eeb-42ed-b009-6562a535d199', 'Wilson''s Storm-Petrel Q18', 'часы', 'HUAWEI', 2, 'стекло', 2, 38, 30, 43, 2021, null, 'Android', 'белый'),
('5aae2f0b-caab-4f40-b102-9db9b9247cc0', 'Cassin''s Kingbird Q64', 'смартфоны', 'OnePlus', 5, 'стекло', 9, 207, 99, 267, 2021, 2022, 'Android', 'серый'),
('160f01b2-f4fc-4c06-978b-dbc56eb37b6b', 'Red-bellied Woodpecker L32', 'электронные книги', 'Digma', 5, 'стекло', 11, 249, 116, 160, 2022, 2023, 'Android', 'синий'),
('9ae8612e-62c7-489c-8871-ae6f46ebd52d', 'Ruddy Duck D47', 'мониторы', 'Dell', 1, 'стекло', 32, 349, 642, 2079, 2014, 2016, 'Linux', 'красный'),
('8e40d963-311c-4e78-872b-9d96ba46cff0', 'Cerulean Warbler B61', 'смартфоны', 'Meizu', 4, 'пластик', 9, 208, 100, 209, 2020, 2022, 'Android', 'зеленый'),
('d51b6735-903e-40b0-a9be-03840db7eb61', 'Five-striped Sparrow P98', 'смартфоны', 'OnePlus', 1, 'стекло', 6, 140, 62, 116, 2017, 2020, 'Android', 'серый'),
('a70a6b1d-5b3b-4ffc-aac0-25c8f0d8300c', 'Red-shouldered Hawk A9', 'мониторы', 'HP', 3, 'стекло', 33, 355, 725, 2219, 2020, 2024, 'Linux', 'красный'),
('4402625a-cd01-4bd6-a808-a1a3477ae36b', 'Glaucous-winged Gull G53', 'часы', 'Xiaomi', 3, 'стекло', 1, 19, 19, 77, 2021, null, 'Android', 'зеленый'),
('bfb86e37-d637-4678-ad91-ef52482ce139', 'Broad-winged Hawk F17', 'электронные книги', 'Bookeen', 2, 'пластик', 5, 111, 57, 211, 2020, 2022, 'Android', 'синий'),
('ccc5cf71-719a-43df-be97-0c141642e19d', 'Black-headed Grosbeak B96', 'часы', 'HUAWEI', 4, 'стекло', 1, 19, 17, 59, 2016, 2018, 'Android', 'зеленый'),
('b84df859-5ba2-4904-8fa3-bb4a8274e7f5', 'Plumbeous Vireo N77', 'смартфоны', 'OnePlus', 4, 'пластик', 5, 116, 56, 223, 2020, 2022, 'Android', 'черный'),
('f5c7e21b-77f9-4050-9243-ba65b74f5f25', 'Pied-billed Grebe U48', 'ноутбуки', 'MSI', 3, 'пластик', 15, 192, 320, 1597, 2021, 2023, 'Windows', 'красный'),
('51decd58-20ed-4f65-9835-29abec5493ef', 'Brown Jay O11', 'смартфоны', 'OnePlus', 5, 'стекло', 6, 139, 62, 141, 2022, 2023, 'Android', 'серый'),
('5f74018c-ab92-4f4c-b154-16cdbf8d5c68', 'Bank Swallow U77', 'ноутбуки', 'Acer', 2, 'стекло', 14, 186, 316, 1819, 2021, 2022, 'Linux', 'желтый'),
('ce96b9db-14de-4ae9-a961-a2d290751c70', 'Xantus''s Hummingbird K23', 'электронные книги', 'Digma', 2, 'стекло', 9, 203, 111, 110, 2019, 2023, 'Android', 'белый'),
('6d7f1317-1323-4b87-a8e3-7ddfada4a4a6', 'Northern Shrike U8', 'электронные книги', 'Amazon', 1, 'пластик', 9, 208, 104, 286, 2015, 2016, 'Android', 'черный'),
('eea5bb7d-75bb-4f97-97ae-a437ae22c333', 'Whiskered Screech-Owl D24', 'часы', 'Redmi', 3, 'стекло', 2, 39, 38, 17, 2014, 2015, 'Android', 'черный'),
('23bf5ece-9825-4ac9-ab55-b8122b74076b', 'Eurasian Jackdaw C11', 'электронные книги', 'Digma', 3, 'пластик', 5, 116, 64, 133, 2018, 2021, 'Android', 'синий'),
('bb041e28-ca6f-498b-b133-50dbf2494018', 'Atlantic Puffin S44', 'электронные книги', 'Bookeen', 1, 'стекло', 10, 223, 103, 109, 2018, 2022, 'Android', 'желтый'),
('e7fefaae-285a-4540-b75c-a94210c6617f', 'Red-footed Booby Z23', 'часы', 'Apple', 2, 'пластик', 2, 40, 40, 22, 2019, 2022, 'iOS', 'зеленый'),
('aa4f31ca-bc6c-4c5f-9258-4b55a49e79c4', 'Tropical Parula L5', 'ноутбуки', 'Dell', 5, 'пластик', 15, 191, 324, 1884, 2022, null, 'Linux', 'синий'),
('aef787d9-e411-4ebb-b4cb-9af96318fdc4', 'Pine Warbler H76', 'электронные книги', 'PocketBook', 2, 'стекло', 5, 116, 63, 167, 2017, 2019, 'Android', 'синий'),
('981d1a9a-ba90-4933-8157-ad9ec730bd6b', 'Falcated Duck Z76', 'ноутбуки', 'Apple', 5, 'пластик', 16, 214, 366, 1880, 2021, null, 'iOS', 'черный'),
('821dc400-4cf4-4c8b-9026-39f2b3cc8ec1', 'Black Noddy S63', 'смартфоны', 'realme', 4, 'пластик', 9, 205, 93, 232, 2021, null, 'Android', 'черный'),
('8dd014e6-3abc-49fe-9002-b4684407c13f', 'Pine Siskin J49', 'ноутбуки', 'MSI', 4, 'стекло', 14, 185, 316, 1653, 2015, 2017, 'Linux', 'желтый'),
('a535a779-4e34-4fa5-b5d0-c6b3c7518365', 'Corn Crake Z85', 'электронные книги', 'Amazon', 4, 'пластик', 12, 274, 141, 136, 2018, 2021, 'Android', 'синий'),
('c74534f7-2fa4-4cc1-bac1-2f5b6e0907fb', 'White-rumped Sandpiper Q5', 'электронные книги', 'Digma', 3, 'стекло', 9, 201, 91, 111, 2017, 2021, 'Android', 'черный'),
('23825c8e-1a8a-4a79-abd2-330178568c58', 'Great Black-backed Gull Z6', 'часы', 'Xiaomi', 1, 'пластик', 2, 39, 37, 53, 2023, null, 'Android', 'зеленый'),
('fc818adb-b4f1-43ec-979f-23fcb99f1129', 'Green-breasted Mango Z42', 'смартфоны', 'Google', 4, 'пластик', 7, 161, 72, 162, 2020, 2024, 'Android', 'белый'),
('a3706598-0b38-4e4b-be7c-676eb7b782fa', 'Brown Shrike H33', 'ноутбуки', 'Lenovo', 5, 'стекло', 16, 200, 329, 1503, 2015, 2018, 'Windows', 'желтый'),
('5b929633-e238-4b32-8b4c-e21590f7bb3f', 'Black-billed Magpie T17', 'электронные книги', 'Irbis', 5, 'пластик', 10, 225, 116, 259, 2016, 2019, 'Android', 'красный'),
('f678d37a-a38a-441c-bb35-c8da3c5684a6', 'Greater Flamingo R20', 'смартфоны', 'POCO', 2, 'стекло', 7, 163, 72, 189, 2014, 2015, 'Android', 'зеленый'),
('83bdb263-4452-4b0a-9d58-1596ec849b99', 'Chuck-will''s-widow M98', 'ноутбуки', 'Dell', 3, 'стекло', 17, 215, 369, 1955, 2016, 2019, 'Windows', 'серый'),
('52888ddb-84e5-4652-96f7-8683c2ba2608', 'Seaside Sparrow E56', 'мониторы', 'HP', 3, 'стекло', 26, 290, 611, 2042, 2016, 2019, 'Android', 'красный'),
('313408fc-6805-4d32-9f10-c2c6475ae33d', 'Grasshopper Sparrow K11', 'электронные книги', 'Irbis', 3, 'пластик', 5, 114, 64, 205, 2017, 2018, 'Android', 'желтый'),
('a72808e4-f9d7-4831-a929-1461c59433d7', 'Yellow-headed Blackbird P90', 'ноутбуки', 'Xiaomi', 4, 'пластик', 15, 198, 334, 1315, 2023, 2024, 'Windows', 'зеленый'),
('976f0e08-bb72-4027-9c51-b2d534f2c2e0', 'Redwing G11', 'электронные книги', 'PocketBook', 4, 'стекло', 5, 116, 62, 124, 2021, null, 'Android', 'желтый'),
('e94c1b34-5eb0-4530-9f28-c4a010647dd7', 'Masked Tityra C9', 'смартфоны', 'Apple', 4, 'стекло', 6, 140, 69, 129, 2017, 2020, 'iOS', 'белый'),
('6ad2ea89-3ea2-4ed4-bb20-29be0773957e', 'Pine Siskin E11', 'мониторы', 'Samsung', 3, 'стекло', 31, 350, 673, 1824, 2015, 2016, 'Android', 'красный'),
('8f2738c7-40d5-431b-b19b-b36d83aad3bd', 'Lucy''s Warbler A25', 'ноутбуки', 'HP', 1, 'пластик', 15, 194, 329, 1100, 2023, null, 'Linux', 'серый'),
('88e77f11-7a36-459b-9950-47e1852b3c84', 'Short-billed Dowitcher E73', 'электронные книги', 'Irbis', 4, 'стекло', 12, 279, 127, 276, 2022, null, 'Android', 'зеленый'),
('a4281ff4-990b-4bea-a30e-d0a780720b67', 'Yellow-headed Blackbird C21', 'смартфоны', 'Meizu', 1, 'стекло', 7, 162, 79, 190, 2018, 2020, 'Android', 'серый'),
('f5747b0c-10fd-491f-8c11-895731faba93', 'Blue Bunting M63', 'часы', 'HUAWEI', 3, 'пластик', 2, 41, 38, 77, 2022, 2024, 'Android', 'красный'),
('a38ca511-6283-4782-a341-1f60c6a1b399', 'Virginia Rail A1', 'электронные книги', 'TeXet', 4, 'пластик', 7, 161, 74, 127, 2017, 2018, 'Android', 'зеленый'),
('c1a6bcdd-abb9-4e04-accb-0790144de2bb', 'Pectoral Sandpiper E62', 'электронные книги', 'TeXet', 2, 'пластик', 8, 179, 84, 276, 2020, 2023, 'Android', 'желтый'),
('cfc3a990-d91f-436b-8b04-9597aa26c98b', 'Chestnut-backed Chickadee P87', 'электронные книги', 'Digma', 1, 'стекло', 6, 138, 65, 284, 2022, null, 'Android', 'желтый'),
('9231dd49-f11a-495a-a594-333b7febf436', 'Clark''s Nutcracker A35', 'часы', 'HUAWEI', 5, 'стекло', 1, 19, 17, 42, 2020, 2024, 'Android', 'желтый'),
('467c97a8-279b-4136-9f80-715fb5949232', 'Ladder-backed Woodpecker Z66', 'часы', 'Xiaomi', 4, 'пластик', 1, 21, 19, 94, 2016, 2019, 'Android', 'красный'),
('6441c92e-ae60-41ed-ae1e-9549b773a403', 'American Bittern E15', 'часы', 'HONOR', 4, 'стекло', 1, 20, 20, 25, 2016, 2020, 'Android', 'белый'),
('3c71c9bd-937b-465c-a066-5a3faef583cb', 'Glaucous Gull V8', 'мониторы', 'Lenovo', 1, 'стекло', 31, 346, 648, 2660, 2016, 2019, 'Android', 'черный'),
('5bec015e-dbc0-4682-97de-ea896e303016', 'Black Tern C85', 'мониторы', 'HP', 5, 'стекло', 32, 321, 694, 1532, 2019, 2020, 'Android', 'зеленый'),
('7b6fd735-b63f-435d-9a9b-03bd167b9486', 'Berylline Hummingbird G52', 'смартфоны', 'HUAWEI', 2, 'пластик', 5, 114, 53, 263, 2015, 2016, 'Android', 'желтый'),
('99d6c7d6-29f3-4282-af55-3cb79b579add', 'Streak-backed Oriole P14', 'часы', 'Apple', 2, 'стекло', 2, 39, 30, 100, 2017, 2021, 'iOS', 'белый'),
('aa421fc9-10e1-4bc1-9243-df05c0e940f0', 'Willow Ptarmigan O33', 'смартфоны', 'OnePlus', 2, 'стекло', 5, 116, 53, 165, 2024, null, 'Android', 'желтый'),
('5bb06c0e-e41a-4602-bdc1-671ea3267bdc', 'Red-tailed Tropicbird W24', 'электронные книги', 'Digma', 2, 'стекло', 7, 162, 78, 203, 2021, 2023, 'Android', 'синий'),
('c54e0472-ad30-4611-9b0f-6538ab68e63c', 'Gray Partridge D55', 'часы', 'Samsung', 5, 'стекло', 1, 21, 21, 62, 2020, 2022, 'Android', 'синий'),
('b5073e47-cabd-4037-aa35-eaaf808a7c79', 'Yellow-footed Gull Y18', 'мониторы', 'Dell', 5, 'стекло', 22, 239, 464, 2973, 2020, 2022, 'Linux', 'белый'),
('8f868e6d-d684-49ac-9891-dc9a8de4e2e2', 'Rufous-capped Warbler U20', 'часы', 'Apple', 2, 'стекло', 2, 38, 31, 48, 2014, 2015, 'iOS', 'серый'),
('64860b6b-81de-4407-8c0f-b6afc2e5d79b', 'White Wagtail K13', 'часы', 'Amazfit', 1, 'пластик', 2, 39, 36, 11, 2016, 2018, 'Android', 'зеленый'),
('8aa50495-e751-424f-9a5d-554a2f947927', 'Pigeon Guillemot X56', 'ноутбуки', 'Apple', 4, 'пластик', 15, 190, 323, 1827, 2017, 2018, 'iOS', 'желтый'),
('d55bedae-856b-4555-b0cc-adb3d7e2cdd9', 'Blue-winged Teal H3', 'мониторы', 'MSI', 5, 'стекло', 20, 211, 394, 2003, 2016, 2020, 'Linux', 'красный'),
('5988cd9b-c8db-42c9-a008-61e17c1f05c6', 'American Robin R41', 'ноутбуки', 'Apple', 5, 'стекло', 17, 226, 365, 1458, 2022, 2023, 'iOS', 'красный'),
('5988cd9b-c8db-42c9-a008-61e17c1f05ce', 'American Robin R41', 'ноутбуки', 'Apple', 5, 'стекло', 17, 226, 365, 1458, 10220, 20000, 'iOS', 'красный');

insert into car_eo0 values
('16f43661-b2bf-42b4-becd-dbaf7279b3c1', 'ЗИЛ K13', '13', '18'),
('041e0875-88eb-4b25-a1ec-a17dd8dc0389', 'Volvo K29', '14', '17'),
('2af0530b-0a94-46ee-a01e-9181e041b53f', 'Mercedes U53', '26', '36'),
('7ade3485-bf16-4820-b0fb-7429ca43ff76', 'DAF R78', '16', '24'),
('1dd15c07-0cf5-4dfc-8bcf-89fac31d8cea', 'КАМАЗ L52', '17', '26'),
('a994e8d7-4c5f-4445-a47e-23decac616a3', 'КАМАЗ C73', '26', '30'),
('4e91e988-c226-421c-baf1-f7429d151b6c', 'ГАЗ N28', '28', '31'),
('336be08f-7842-4ee8-81e7-3d6fdadac5c4', 'Volvo G49', '28', '32'),
('1e1b6419-c7ee-451f-b17e-c3a317b09f35', 'DAF H41', '2', '3'),
('22e3919d-2982-4c64-a372-46bb89a62aaf', 'КАМАЗ C73', '6', '7'),
('e3a1909d-7ce4-4cf9-928a-a76f9f4ac0a7', 'Isuzu F31', '2', '3'),
('09e7caad-2603-464b-ae90-8ab36d73636b', 'ГАЗ P19', '19', '24'),
('74fe48ca-fa2f-4c3c-b406-7c593278dc33', 'КАМАЗ O28', '29', '38'),
('9e10381b-e4d8-4b15-bf40-c428df51fd39', 'Man C5', '27', '41'),
('961ea063-e002-4ce3-8535-18a35e53de93', 'ГАЗ U43', '19', '20'),
('499c93f1-4bd7-4c30-ae9d-808d1d2aaec3', 'ЗИЛ X15', '7', '8'),
('98926f73-180f-4b28-9a20-0cef804716fb', 'DAF H25', '12', '13'),
('44c35450-6987-4c0e-8e6f-d015d0a7835e', 'ГАЗ O89', '26', '32'),
('8861382e-0e6f-47b0-9755-6f2387990afe', 'КАМАЗ I92', '6', '9'),
('17412651-003a-4361-8ae2-bd36a2e570cf', 'Mercedes I37', '17', '20');

insert into vendor_product_info_dnm values
('a0dbe6bb-1dae-4d33-bc77-64ea333e593c', '7f6ba22e-fa33-4724-8e22-7d72df92552f', 129054, 8718),('a0dbe6bb-1dae-4d33-bc77-64ea333e593c', '38509424-2232-4e53-a131-3939bfd09ef1', 90300, 3907),('a0dbe6bb-1dae-4d33-bc77-64ea333e593c', 'c2a82c59-c8a3-4928-ba91-2a5a915840af', 14170, 3176),('a0dbe6bb-1dae-4d33-bc77-64ea333e593c', '6dae9326-d38f-4526-b0a0-8739fc13430e', 56985, 1456),('a0dbe6bb-1dae-4d33-bc77-64ea333e593c', '9e443fbd-fe59-4bc7-a483-f93ae88336fe', 25650, 2283),('a0dbe6bb-1dae-4d33-bc77-64ea333e593c', '3a2e217f-62a6-438c-b2a0-697d831a127f', 197860, 3638),('a0dbe6bb-1dae-4d33-bc77-64ea333e593c', 'cc31c527-df2c-4005-9a86-a2eb4549b23a', 106340, 7337),('a0dbe6bb-1dae-4d33-bc77-64ea333e593c', '9c118884-3602-4dd8-850b-f8a1ef774b3d', 11371, 9648),('a0dbe6bb-1dae-4d33-bc77-64ea333e593c', 'b5a57c6a-83f4-4dd8-826f-f5745b1665e7', 100716, 3586),('a0dbe6bb-1dae-4d33-bc77-64ea333e593c', '8e83a1f6-8e2e-4d4a-9d57-2e5973024cf5', 127920, 5310),('a0dbe6bb-1dae-4d33-bc77-64ea333e593c', 'b185ffb5-8d23-4dde-adaf-86663ea9e6fd', 52000, 2263),('a0dbe6bb-1dae-4d33-bc77-64ea333e593c', 'fc818adb-b4f1-43ec-979f-23fcb99f1129', 43056, 3658),('a0dbe6bb-1dae-4d33-bc77-64ea333e593c', '83bdb263-4452-4b0a-9d58-1596ec849b99', 37107, 9972),('37355941-1bd9-49a1-87dc-05ba09821a05', '06de3b65-4af7-4b4d-ae33-4d1060a837dd', 255080, 6592),('37355941-1bd9-49a1-87dc-05ba09821a05', 'ffd354d8-2cd8-4179-8bbb-8e2f1e3c6c6f', 89505, 4067),('37355941-1bd9-49a1-87dc-05ba09821a05', 'ba2b52f2-81ab-4e9f-8d7f-884aebef5851', 71020, 5406),('37355941-1bd9-49a1-87dc-05ba09821a05', '5aae2f0b-caab-4f40-b102-9db9b9247cc0', 105779, 1780),('37355941-1bd9-49a1-87dc-05ba09821a05', '976f0e08-bb72-4027-9c51-b2d534f2c2e0', 13205, 6470),('6b611b47-ef00-42bd-b8eb-93fd3deddbd6', 'ea38acc0-7743-4874-ae56-8f599bf424a9', 261664, 5461),('6b611b47-ef00-42bd-b8eb-93fd3deddbd6', '38509424-2232-4e53-a131-3939bfd09ef1', 95900, 6849),('6b611b47-ef00-42bd-b8eb-93fd3deddbd6', '5c71d895-bde8-4fdc-83fa-2fe839796a6f', 92532, 9599),('6b611b47-ef00-42bd-b8eb-93fd3deddbd6', '38bf79ef-6988-482c-96f5-a94f45507722', 5460, 1427),('6b611b47-ef00-42bd-b8eb-93fd3deddbd6', '36282adb-3f81-4713-87e8-8e3664cb5ef6', 25350, 5134),('6b611b47-ef00-42bd-b8eb-93fd3deddbd6', '9bd2083f-f9d5-4015-8a53-84d81185d053', 15142, 2419),('6b611b47-ef00-42bd-b8eb-93fd3deddbd6', '7f15448a-5eeb-42ed-b009-6562a535d199', 19728, 8493),('6b611b47-ef00-42bd-b8eb-93fd3deddbd6', '99d6c7d6-29f3-4282-af55-3cb79b579add', 19966, 9242),('a969daab-fc2a-4506-86f7-234f61b8d99b', '58101497-37df-43d9-90d4-af42cb6a5ecc', 39440, 7149),('a969daab-fc2a-4506-86f7-234f61b8d99b', 'cc8837a8-6a99-429f-af0f-2cd603a3ac13', 20424, 3758),('a969daab-fc2a-4506-86f7-234f61b8d99b', '127a442d-45dd-4b76-a94a-ff08d72d51ce', 138861, 9030),('a969daab-fc2a-4506-86f7-234f61b8d99b', 'a6b7b5c1-6a17-462e-b771-5894d995ea37', 9230, 9219),('a969daab-fc2a-4506-86f7-234f61b8d99b', '4b6d1492-9412-4d1a-adfd-44bfdae6ac27', 16920, 8243),('a969daab-fc2a-4506-86f7-234f61b8d99b', '41355ae3-1ac7-4f87-a8f8-416575ba3eab', 95634, 4073),('a969daab-fc2a-4506-86f7-234f61b8d99b', 'b84df859-5ba2-4904-8fa3-bb4a8274e7f5', 182240, 3752),('a969daab-fc2a-4506-86f7-234f61b8d99b', 'cfc3a990-d91f-436b-8b04-9597aa26c98b', 22419, 3555),('da2b97ec-2e52-4a90-9027-719420a92159', 'f40426c9-fbff-47c0-9759-6f36d1930017', 127840, 5720),('da2b97ec-2e52-4a90-9027-719420a92159', '46166451-785a-437d-ba44-9dcbc9a2f293', 23048, 3227),('da2b97ec-2e52-4a90-9027-719420a92159', '364e4012-11d4-42cc-88f9-07c792fe0d82', 114829, 1068),('da2b97ec-2e52-4a90-9027-719420a92159', '0d68a8f1-8930-4cf3-83c5-cd9a0214d670', 126054, 3759),('da2b97ec-2e52-4a90-9027-719420a92159', 'bd102f11-14ff-4823-9079-a00ee3c6a2a9', 18906, 9511),('da2b97ec-2e52-4a90-9027-719420a92159', '64202c4d-99b8-4adc-b703-5e3c79683f99', 32944, 6219),('da2b97ec-2e52-4a90-9027-719420a92159', '160f01b2-f4fc-4c06-978b-dbc56eb37b6b', 13668, 8176),('da2b97ec-2e52-4a90-9027-719420a92159', 'a535a779-4e34-4fa5-b5d0-c6b3c7518365', 16348, 6659),('da2b97ec-2e52-4a90-9027-719420a92159', '8f2738c7-40d5-431b-b19b-b36d83aad3bd', 133718, 1767),('da2b97ec-2e52-4a90-9027-719420a92159', 'f5747b0c-10fd-491f-8c11-895731faba93', 15120, 7527),('c291430d-5ff6-4155-a496-c4415e41cf89', '22931f01-6bc7-4ca6-ab6a-c15b32876ca9', 171234, 1343),('c291430d-5ff6-4155-a496-c4415e41cf89', 'e47571e6-be79-4449-ae21-e60b7f6f59fa', 61308, 9412),('c291430d-5ff6-4155-a496-c4415e41cf89', '1697ff62-2bc0-4986-abbe-ee0eff6104d3', 92127, 1920),('c291430d-5ff6-4155-a496-c4415e41cf89', 'de65d6a0-f757-4e8f-895a-df66ce9019ad', 90948, 8049),('c291430d-5ff6-4155-a496-c4415e41cf89', 'afa19d12-c315-4fb0-9a99-2a74d65933d4', 46151, 1070),('c291430d-5ff6-4155-a496-c4415e41cf89', 'f40afbb2-625e-4ead-bfe1-ac5cd5e097fc', 80860, 2816),('c291430d-5ff6-4155-a496-c4415e41cf89', '784e00d6-636e-4bb5-b690-f390a0a5e1b7', 123392, 6158),('c291430d-5ff6-4155-a496-c4415e41cf89', '56c2e72f-97bd-49af-bfb3-0c174a8feaeb', 7598, 1662),('c291430d-5ff6-4155-a496-c4415e41cf89', '12c8ee94-3242-42b3-97bb-f990b842f42c', 72996, 8022),('c291430d-5ff6-4155-a496-c4415e41cf89', '41355ae3-1ac7-4f87-a8f8-416575ba3eab', 86625, 8492),('c291430d-5ff6-4155-a496-c4415e41cf89', '465fd24f-fe37-4101-9791-03c19889ea9b', 195111, 5040),('c291430d-5ff6-4155-a496-c4415e41cf89', '6d7f1317-1323-4b87-a8e3-7ddfada4a4a6', 23436, 9602),('c291430d-5ff6-4155-a496-c4415e41cf89', 'f5747b0c-10fd-491f-8c11-895731faba93', 14040, 1802),('73ad738f-5446-4872-b9f7-1710e293900f', '69906420-f89c-434e-8a9f-550e301039e5', 12028, 9651),('73ad738f-5446-4872-b9f7-1710e293900f', '8e731186-5197-4d78-85a0-bc6cd124f020', 33550, 5372),('73ad738f-5446-4872-b9f7-1710e293900f', '7b179929-49aa-48a7-bf1c-821d0a245bd7', 77994, 5603),('73ad738f-5446-4872-b9f7-1710e293900f', '25563448-f460-4925-86a8-a0b2f802f3f0', 11439, 7820),('73ad738f-5446-4872-b9f7-1710e293900f', '81224946-0601-4261-b8ff-565fc4982442', 110424, 3529),('4696aca6-cf96-4d46-a9d8-96a5fb690297', 'c2a82c59-c8a3-4928-ba91-2a5a915840af', 14388, 1556),('4696aca6-cf96-4d46-a9d8-96a5fb690297', '5833c453-11ed-49d5-a979-b77d8f854a24', 190476, 1117),('4696aca6-cf96-4d46-a9d8-96a5fb690297', 'bdef0884-3fa2-496d-8128-0725df236940', 24523, 5877),('4696aca6-cf96-4d46-a9d8-96a5fb690297', '7d16d3ae-a982-4bf9-b435-bd8f624875c1', 4318, 4550),('4696aca6-cf96-4d46-a9d8-96a5fb690297', '4b6d1492-9412-4d1a-adfd-44bfdae6ac27', 15960, 3111),('4696aca6-cf96-4d46-a9d8-96a5fb690297', '943572f0-4f4b-417c-bfc9-023a05c224f2', 7788, 3061),('4696aca6-cf96-4d46-a9d8-96a5fb690297', 'b8c2634f-1523-4b45-90ab-1f791cee7d0e', 79667, 5859),('4696aca6-cf96-4d46-a9d8-96a5fb690297', '160f01b2-f4fc-4c06-978b-dbc56eb37b6b', 12954, 6965),('4696aca6-cf96-4d46-a9d8-96a5fb690297', 'f5c7e21b-77f9-4050-9243-ba65b74f5f25', 188325, 6612),('4c3b0018-2578-44bd-a38e-cb5250f38bb8', '618b0ff4-363e-47ad-8c64-5fc6e3d3ff53', 32400, 8577),('4c3b0018-2578-44bd-a38e-cb5250f38bb8', '5dada44f-eedd-48d0-94e9-41564ff3eea5', 115491, 9849),('4c3b0018-2578-44bd-a38e-cb5250f38bb8', '67660e44-7b9b-45c0-817a-ff7f1baebc18', 84956, 8033),('4c3b0018-2578-44bd-a38e-cb5250f38bb8', '6cf2bb79-7b58-462e-af71-abbc56d9822b', 15478, 3302),('4c3b0018-2578-44bd-a38e-cb5250f38bb8', 'a6b7b5c1-6a17-462e-b771-5894d995ea37', 8905, 8658),('4c3b0018-2578-44bd-a38e-cb5250f38bb8', '8e731186-5197-4d78-85a0-bc6cd124f020', 39325, 1635),('4c3b0018-2578-44bd-a38e-cb5250f38bb8', 'a4fb42d9-ceca-4444-b385-f224ef8590e1', 58725, 9918),('4c3b0018-2578-44bd-a38e-cb5250f38bb8', '8e40d963-311c-4e78-872b-9d96ba46cff0', 140298, 4864),('4c3b0018-2578-44bd-a38e-cb5250f38bb8', '4402625a-cd01-4bd6-a808-a1a3477ae36b', 17112, 1772),('4c3b0018-2578-44bd-a38e-cb5250f38bb8', 'a535a779-4e34-4fa5-b5d0-c6b3c7518365', 17446, 1665),('e9f9436c-b93e-4608-8f80-c8db0fbe7554', '33f1febb-a38b-4e44-81d2-10f8f3a43931', 16512, 6083),('e9f9436c-b93e-4608-8f80-c8db0fbe7554', '4b3cf82b-46d9-4e3a-a04d-13008496f0bc', 12870, 1669),('e9f9436c-b93e-4608-8f80-c8db0fbe7554', '4f23e812-36bc-4e85-ab94-22aa9307e40b', 217000, 2804),('e9f9436c-b93e-4608-8f80-c8db0fbe7554', 'd799b149-c5c7-4cd9-b185-930c5ce8235a', 91059, 5452),('e9f9436c-b93e-4608-8f80-c8db0fbe7554', 'ee5025b0-edf7-4aa0-badd-0737c938f87b', 7434, 1751),('e9f9436c-b93e-4608-8f80-c8db0fbe7554', '36282adb-3f81-4713-87e8-8e3664cb5ef6', 23790, 5932),('e9f9436c-b93e-4608-8f80-c8db0fbe7554', 'bb041e28-ca6f-498b-b133-50dbf2494018', 16368, 4772),('ca6f47aa-c56c-4379-85b0-2eefb12fe2a6', '6a479704-e6f9-4844-9719-fc40a55100c9', 136462, 7819),('ca6f47aa-c56c-4379-85b0-2eefb12fe2a6', 'acdc7823-f0de-4fed-b8af-3db3ce0b0e2e', 11954, 4652),('ca6f47aa-c56c-4379-85b0-2eefb12fe2a6', '9506cfef-d7af-4063-a2e5-1a603bf52032', 22400, 4987),('ca6f47aa-c56c-4379-85b0-2eefb12fe2a6', '70b817dc-b712-4985-9558-e13acd3be011', 127090, 8454),('ca6f47aa-c56c-4379-85b0-2eefb12fe2a6', '9d6339ed-85d9-420c-b720-8595108f561e', 137274, 1758),('ca6f47aa-c56c-4379-85b0-2eefb12fe2a6', '978d14da-9afc-4f1c-8b8a-e89f38c218c3', 10074, 7286),('ca6f47aa-c56c-4379-85b0-2eefb12fe2a6', '413c8aaf-e2bb-43f3-b54d-dd98362db845', 3243, 2999),('ca6f47aa-c56c-4379-85b0-2eefb12fe2a6', 'b3056a4c-6508-4d8f-a7ce-7e80ddd5a4bb', 25404, 8573),('f5519aff-fc44-417c-91e7-82c084d89a59', '7f68f640-5343-4e68-a3b6-16d6e2c3db33', 11830, 6048),('f5519aff-fc44-417c-91e7-82c084d89a59', 'c64be513-6972-4747-aa68-25856e07bd5f', 17030, 5360),('f5519aff-fc44-417c-91e7-82c084d89a59', '64202c4d-99b8-4adc-b703-5e3c79683f99', 29928, 6672),('f5519aff-fc44-417c-91e7-82c084d89a59', 'aa4f31ca-bc6c-4c5f-9258-4b55a49e79c4', 219300, 9351),('3bd990c6-783e-45e1-b8b2-070d335f89cf', 'f52c2898-e45c-4cf1-8ad0-33793aff763f', 67276, 7641),('3bd990c6-783e-45e1-b8b2-070d335f89cf', 'd03d9f14-71a8-4b39-8b00-4ac9dda3cc84', 20711, 1505),('3bd990c6-783e-45e1-b8b2-070d335f89cf', 'f8e6abfa-8c25-498e-97c0-1fec425fd5bc', 200020, 4950),('3bd990c6-783e-45e1-b8b2-070d335f89cf', '5e930c18-cb02-43d8-b2bc-46b22d16164a', 25200, 1637),('3bd990c6-783e-45e1-b8b2-070d335f89cf', 'ccc5cf71-719a-43df-be97-0c141642e19d', 13959, 7613),('3bd990c6-783e-45e1-b8b2-070d335f89cf', 'a3706598-0b38-4e4b-be7c-676eb7b782fa', 257730, 1700),('039b028e-1312-4929-9de4-1879420dd16c', '9fe2c233-0207-4ba2-aea7-9941e12db371', 59353, 2725),('039b028e-1312-4929-9de4-1879420dd16c', '860c0bfa-47a6-4931-a7e6-d0cada03d29e', 23800, 8553),('039b028e-1312-4929-9de4-1879420dd16c', '7c67f315-1834-45ed-876b-e4a0c85809d1', 20020, 9424),('039b028e-1312-4929-9de4-1879420dd16c', '105dede3-444f-4df7-bd85-28f17c936bab', 6850, 1120),('039b028e-1312-4929-9de4-1879420dd16c', 'a9d9f793-7d35-4627-8265-6cf97ed361dc', 98229, 4099),('039b028e-1312-4929-9de4-1879420dd16c', '9523943a-eab4-412d-8bc4-20ed9c20ad92', 11390, 8912),('039b028e-1312-4929-9de4-1879420dd16c', '1faa7181-413b-427f-863e-ac0e3ae93f3b', 26268, 5557),('039b028e-1312-4929-9de4-1879420dd16c', '23825c8e-1a8a-4a79-abd2-330178568c58', 11537, 5498),('458f25af-c7c2-49f7-bd9f-5eaff44087cd', '3cf1cceb-90cc-402e-b46b-b84a403b040a', 24112, 7957),('458f25af-c7c2-49f7-bd9f-5eaff44087cd', '58101497-37df-43d9-90d4-af42cb6a5ecc', 40600, 1303),('458f25af-c7c2-49f7-bd9f-5eaff44087cd', 'bdea2967-316c-4621-8386-582e20401514', 31144, 7643),('458f25af-c7c2-49f7-bd9f-5eaff44087cd', 'cefbc41f-dd93-4ab6-8c7f-50fdea26407a', 49476, 4734),('458f25af-c7c2-49f7-bd9f-5eaff44087cd', '09f0936a-a82c-49a8-8afd-a72491d882ba', 20148, 4244),('458f25af-c7c2-49f7-bd9f-5eaff44087cd', '07425290-8de6-4a96-a996-70ef47c80370', 24165, 1355),('458f25af-c7c2-49f7-bd9f-5eaff44087cd', 'f061773f-54a5-4b18-bf15-10e8b4f0d07d', 63700, 6736),('458f25af-c7c2-49f7-bd9f-5eaff44087cd', '0c9b74aa-1382-41b7-ba24-a397fc406ccc', 164560, 9126),('458f25af-c7c2-49f7-bd9f-5eaff44087cd', '0dd7388e-7970-4124-b244-e83ec5ddee94', 119340, 8671),('458f25af-c7c2-49f7-bd9f-5eaff44087cd', 'e68079d2-21ab-4fd3-b753-5c959354f03f', 3312, 1943),('458f25af-c7c2-49f7-bd9f-5eaff44087cd', '976f0e08-bb72-4027-9c51-b2d534f2c2e0', 12920, 1852),('851de3a2-4d67-4246-a0be-fbe50a55ee26', '06de3b65-4af7-4b4d-ae33-4d1060a837dd', 266012, 3919),('851de3a2-4d67-4246-a0be-fbe50a55ee26', 'd03d9f14-71a8-4b39-8b00-4ac9dda3cc84', 21158, 8132),('851de3a2-4d67-4246-a0be-fbe50a55ee26', '5c71d895-bde8-4fdc-83fa-2fe839796a6f', 103748, 1639),('851de3a2-4d67-4246-a0be-fbe50a55ee26', 'bdef0884-3fa2-496d-8128-0725df236940', 25597, 3462),('851de3a2-4d67-4246-a0be-fbe50a55ee26', '46166451-785a-437d-ba44-9dcbc9a2f293', 25800, 4237),('851de3a2-4d67-4246-a0be-fbe50a55ee26', '9e443fbd-fe59-4bc7-a483-f93ae88336fe', 28500, 1297),('851de3a2-4d67-4246-a0be-fbe50a55ee26', 'de65d6a0-f757-4e8f-895a-df66ce9019ad', 98527, 5770),('851de3a2-4d67-4246-a0be-fbe50a55ee26', '1b409a64-306a-4d5c-b928-6fbd546af152', 184884, 7669),('851de3a2-4d67-4246-a0be-fbe50a55ee26', 'f6e5c7ed-eaad-410e-8e95-8843200bb8a1', 6815, 8880),('851de3a2-4d67-4246-a0be-fbe50a55ee26', 'd51b6735-903e-40b0-a9be-03840db7eb61', 73852, 3558),('0b767d51-af1b-4db1-a9c1-74b247c5458a', '509040c5-9ccb-4703-afd4-4dc7c158d3b5', 10224, 3846),('0b767d51-af1b-4db1-a9c1-74b247c5458a', '408b24d1-db72-41f8-81b1-d7f8d488cec4', 182880, 5091),('0b767d51-af1b-4db1-a9c1-74b247c5458a', 'b82064f5-7390-497f-a5a8-23e15b0244bd', 14016, 1103),('0b767d51-af1b-4db1-a9c1-74b247c5458a', '64308bc2-8ad7-41d6-8610-4eb4faeccc1b', 21021, 5645),('0b767d51-af1b-4db1-a9c1-74b247c5458a', 'ba2b52f2-81ab-4e9f-8d7f-884aebef5851', 75260, 6030),('0b767d51-af1b-4db1-a9c1-74b247c5458a', '9e443fbd-fe59-4bc7-a483-f93ae88336fe', 28500, 2595),('0b767d51-af1b-4db1-a9c1-74b247c5458a', 'f40afbb2-625e-4ead-bfe1-ac5cd5e097fc', 88946, 2975),('0b767d51-af1b-4db1-a9c1-74b247c5458a', '8e731186-5197-4d78-85a0-bc6cd124f020', 41250, 7770),('0b767d51-af1b-4db1-a9c1-74b247c5458a', '4873f8d4-e136-4bbd-a398-2f5c95304919', 117956, 8711),('0b767d51-af1b-4db1-a9c1-74b247c5458a', '12c8ee94-3242-42b3-97bb-f990b842f42c', 79632, 2138),('0b767d51-af1b-4db1-a9c1-74b247c5458a', '1e6857eb-444c-4621-b2e9-8fb0691f310d', 18450, 3803),('0b767d51-af1b-4db1-a9c1-74b247c5458a', '62271d9a-7c1c-4db2-b86e-0de8357dd9d7', 176319, 8393),('0b767d51-af1b-4db1-a9c1-74b247c5458a', 'afca5d81-315a-441e-a771-fd3bb9ca8550', 16675, 4426),('0b767d51-af1b-4db1-a9c1-74b247c5458a', '8f690e8e-11ce-46cd-ba2b-3fefc94fd89f', 168740, 2151),('0b767d51-af1b-4db1-a9c1-74b247c5458a', 'bb041e28-ca6f-498b-b133-50dbf2494018', 19272, 6848),('0b767d51-af1b-4db1-a9c1-74b247c5458a', '83bdb263-4452-4b0a-9d58-1596ec849b99', 39060, 4986),('abdaa87a-fc7c-4fcf-88da-204cf758bdda', '1c6938ad-8c3b-4e75-ab2c-a05174a7954f', 201630, 5443),('abdaa87a-fc7c-4fcf-88da-204cf758bdda', '69906420-f89c-434e-8a9f-550e301039e5', 13580, 5214),('abdaa87a-fc7c-4fcf-88da-204cf758bdda', '9d6339ed-85d9-420c-b720-8595108f561e', 143286, 8700),('abdaa87a-fc7c-4fcf-88da-204cf758bdda', '14b00061-9a72-4b7b-adb9-273651f536a7', 249227, 4524),('abdaa87a-fc7c-4fcf-88da-204cf758bdda', 'c34b2d3d-eaa0-416d-bc50-76312fd8262e', 45684, 5987),('abdaa87a-fc7c-4fcf-88da-204cf758bdda', '96bb821d-d81c-4359-a1ca-dda97ecb23f8', 79968, 2028),('abdaa87a-fc7c-4fcf-88da-204cf758bdda', 'f167cc99-94b3-42fb-ac92-32bf149076d1', 123975, 1130),('abdaa87a-fc7c-4fcf-88da-204cf758bdda', 'f5747b0c-10fd-491f-8c11-895731faba93', 15228, 6182),('abdaa87a-fc7c-4fcf-88da-204cf758bdda', '64860b6b-81de-4407-8c0f-b6afc2e5d79b', 13140, 8559),('b78dd560-3ae4-46b7-a997-7dc9efecbbb2', 'e47571e6-be79-4449-ae21-e60b7f6f59fa', 64584, 6659),('b78dd560-3ae4-46b7-a997-7dc9efecbbb2', '7f6ba22e-fa33-4724-8e22-7d72df92552f', 129054, 7501),('b78dd560-3ae4-46b7-a997-7dc9efecbbb2', '8b196db7-12de-4c24-a77a-27cd6067b110', 94242, 2505),('b78dd560-3ae4-46b7-a997-7dc9efecbbb2', '2c065e7f-8bee-44c2-b82b-8d74a803d207', 150126, 9718),('b78dd560-3ae4-46b7-a997-7dc9efecbbb2', 'd5b1e599-406b-423c-9d2e-2b4e2d98ee19', 190608, 2304),('b78dd560-3ae4-46b7-a997-7dc9efecbbb2', 'bcb6095c-d77c-44af-9b43-207103cd50db', 7370, 1947),('b78dd560-3ae4-46b7-a997-7dc9efecbbb2', '026a688a-f623-4ca2-bf92-22a76f6588bb', 17822, 9016),('b78dd560-3ae4-46b7-a997-7dc9efecbbb2', '23bf5ece-9825-4ac9-ab55-b8122b74076b', 13668, 2422),('b78dd560-3ae4-46b7-a997-7dc9efecbbb2', '64860b6b-81de-4407-8c0f-b6afc2e5d79b', 11970, 4862),('6bd9adbb-a944-4f93-965c-eecc72a5d2d0', '8a251614-4213-4707-97ba-248deab0e3fb', 151998, 1508),('6bd9adbb-a944-4f93-965c-eecc72a5d2d0', '681db543-aa19-44d3-829e-6207b6aec84d', 3102, 2075),('6bd9adbb-a944-4f93-965c-eecc72a5d2d0', '9987db4c-4139-494f-9ed2-b5b3794d53c5', 86360, 2347),('6bd9adbb-a944-4f93-965c-eecc72a5d2d0', '7f644549-0ebe-41e6-a61c-23e267946ef8', 30240, 2129),('6bd9adbb-a944-4f93-965c-eecc72a5d2d0', 'cda8c1af-062a-439e-bc5c-cf14b50d547a', 17732, 2299),('6bd9adbb-a944-4f93-965c-eecc72a5d2d0', 'cfc3a990-d91f-436b-8b04-9597aa26c98b', 21465, 7255),('a786f46c-299d-424b-bc18-4bc0a2fbd906', 'd9ce355f-233e-4022-a092-bfe337bc041d', 10584, 9651),('a786f46c-299d-424b-bc18-4bc0a2fbd906', '54ed8e50-d399-4bf7-9e32-0bfa28b5c196', 10842, 1069),('a786f46c-299d-424b-bc18-4bc0a2fbd906', '566be821-d67a-44bf-b0e9-4b03696bfc17', 10296, 6927),('a786f46c-299d-424b-bc18-4bc0a2fbd906', 'c0fdf6d9-d661-46ec-a562-1e82613ef0ad', 40185, 7319),('a786f46c-299d-424b-bc18-4bc0a2fbd906', 'fa892b86-d655-4ff6-96e9-5c4e092459a6', 3190, 6357),('a786f46c-299d-424b-bc18-4bc0a2fbd906', '4873f8d4-e136-4bbd-a398-2f5c95304919', 113971, 3120),('a786f46c-299d-424b-bc18-4bc0a2fbd906', '9bd2083f-f9d5-4015-8a53-84d81185d053', 15707, 5744),('a786f46c-299d-424b-bc18-4bc0a2fbd906', '2fdcef1e-8df3-4420-b24f-f8196dcf3d38', 146914, 4873),('a786f46c-299d-424b-bc18-4bc0a2fbd906', '6d7f1317-1323-4b87-a8e3-7ddfada4a4a6', 27216, 4451),('a786f46c-299d-424b-bc18-4bc0a2fbd906', 'c54e0472-ad30-4611-9b0f-6538ab68e63c', 18744, 5058),('a0fef9ec-c9b3-4d02-a8a4-766df89980c7', '55426094-510e-475e-9073-5cee4154a1c1', 8610, 3506),('a0fef9ec-c9b3-4d02-a8a4-766df89980c7', '7f6ba22e-fa33-4724-8e22-7d72df92552f', 120576, 5167),('a0fef9ec-c9b3-4d02-a8a4-766df89980c7', 'ac9777b0-7fcd-4026-848f-7eeda90d0c08', 6273, 1096),('a0fef9ec-c9b3-4d02-a8a4-766df89980c7', '978d14da-9afc-4f1c-8b8a-e89f38c218c3', 8694, 8231),('a0fef9ec-c9b3-4d02-a8a4-766df89980c7', '413c8aaf-e2bb-43f3-b54d-dd98362db845', 2852, 7978),('a0fef9ec-c9b3-4d02-a8a4-766df89980c7', 'f04a30bc-28d2-41be-b979-b1835cba093c', 20880, 8741),('a0fef9ec-c9b3-4d02-a8a4-766df89980c7', 'c5265019-6463-4141-86cc-288d5f26266f', 101781, 4855),('a0fef9ec-c9b3-4d02-a8a4-766df89980c7', 'ec5f2ed9-2e99-4306-ac11-8fb61589621c', 10160, 8954),('a0fef9ec-c9b3-4d02-a8a4-766df89980c7', '1bdddad8-77cb-4b85-8109-1e3d719699fb', 242556, 9070),('a0fef9ec-c9b3-4d02-a8a4-766df89980c7', '4402625a-cd01-4bd6-a808-a1a3477ae36b', 15004, 9752),('ed12e3c5-db6a-40e3-929b-15fe7ae4c481', '1c6938ad-8c3b-4e75-ab2c-a05174a7954f', 193050, 4070),('ed12e3c5-db6a-40e3-929b-15fe7ae4c481', '201b06cc-8dee-4aa3-8dc3-efb568e1db62', 228988, 9962),('ed12e3c5-db6a-40e3-929b-15fe7ae4c481', 'b82064f5-7390-497f-a5a8-23e15b0244bd', 12576, 4353),('ed12e3c5-db6a-40e3-929b-15fe7ae4c481', '808487a7-db48-4248-8c8d-87dadbbf4234', 228555, 3614),('ed12e3c5-db6a-40e3-929b-15fe7ae4c481', 'aa564d2f-a934-46ae-b8ec-5d8f34b70ec9', 117820, 9735),('ed12e3c5-db6a-40e3-929b-15fe7ae4c481', 'de65d6a0-f757-4e8f-895a-df66ce9019ad', 95082, 3177),('ed12e3c5-db6a-40e3-929b-15fe7ae4c481', '2c065e7f-8bee-44c2-b82b-8d74a803d207', 157002, 9204),('ed12e3c5-db6a-40e3-929b-15fe7ae4c481', '735876d3-467c-42f0-a465-ecbee6cabb5d', 72174, 9991),('ed12e3c5-db6a-40e3-929b-15fe7ae4c481', 'ccc52a5e-3684-468d-bb9d-9c4bb1a6b64f', 11440, 6496),('ed12e3c5-db6a-40e3-929b-15fe7ae4c481', '5e930c18-cb02-43d8-b2bc-46b22d16164a', 24500, 4858),('ed12e3c5-db6a-40e3-929b-15fe7ae4c481', '113d5b9c-e474-41de-90d9-631f9c0cd504', 19760, 1030),('ed12e3c5-db6a-40e3-929b-15fe7ae4c481', '8dd014e6-3abc-49fe-9002-b4684407c13f', 220564, 6174),('14325bfb-b77b-40a2-b6ce-ad046ec5f190', '58101497-37df-43d9-90d4-af42cb6a5ecc', 39440, 6927),('14325bfb-b77b-40a2-b6ce-ad046ec5f190', 'd03d9f14-71a8-4b39-8b00-4ac9dda3cc84', 19221, 5612),('14325bfb-b77b-40a2-b6ce-ad046ec5f190', 'af0f7ce6-a16e-4377-a823-48819843296f', 13761, 4915),('14325bfb-b77b-40a2-b6ce-ad046ec5f190', '77092243-b080-4768-86bd-5c67d3c98063', 22188, 4373),('14325bfb-b77b-40a2-b6ce-ad046ec5f190', '1697ff62-2bc0-4986-abbe-ee0eff6104d3', 97370, 5475),('14325bfb-b77b-40a2-b6ce-ad046ec5f190', 'afca5d81-315a-441e-a771-fd3bb9ca8550', 15985, 4847),('14325bfb-b77b-40a2-b6ce-ad046ec5f190', '64202c4d-99b8-4adc-b703-5e3c79683f99', 29928, 5811),('14325bfb-b77b-40a2-b6ce-ad046ec5f190', '82306e40-c71a-498a-baf4-5cb130375a22', 93267, 2956),('14325bfb-b77b-40a2-b6ce-ad046ec5f190', 'bb041e28-ca6f-498b-b133-50dbf2494018', 17820, 7004),('14325bfb-b77b-40a2-b6ce-ad046ec5f190', '8f2738c7-40d5-431b-b19b-b36d83aad3bd', 127946, 6479),('14325bfb-b77b-40a2-b6ce-ad046ec5f190', '5bb06c0e-e41a-4602-bdc1-671ea3267bdc', 19404, 9116),('b855ee07-d65e-45e7-8043-b2f07d028c55', '3a0ca4b0-d363-4a14-93db-ca1e09f6ef5c', 25576, 4050),('b855ee07-d65e-45e7-8043-b2f07d028c55', '01defd30-5156-4ebb-9bd5-1704b5289cce', 122388, 2986),('b855ee07-d65e-45e7-8043-b2f07d028c55', 'de65d6a0-f757-4e8f-895a-df66ce9019ad', 96460, 9828),('b855ee07-d65e-45e7-8043-b2f07d028c55', '0149bb2a-edd1-49d6-9b93-f0cbbda0914e', 11424, 6886),('b855ee07-d65e-45e7-8043-b2f07d028c55', '2adbd292-e6d5-4a79-85c9-46305397f8bd', 18060, 5012),('b855ee07-d65e-45e7-8043-b2f07d028c55', 'a90a78a1-c720-456f-9eb8-6142c1d8f97c', 55200, 8506),('b855ee07-d65e-45e7-8043-b2f07d028c55', '896a91c1-1569-426e-9923-28813713a042', 202075, 1260),('b855ee07-d65e-45e7-8043-b2f07d028c55', '8e83a1f6-8e2e-4d4a-9d57-2e5973024cf5', 135792, 5463),('7c99b9c8-8e71-4c83-9bf5-10dfa7774fb3', '1c6938ad-8c3b-4e75-ab2c-a05174a7954f', 201630, 2549),('7c99b9c8-8e71-4c83-9bf5-10dfa7774fb3', '3c7b32c4-b374-4ea1-a1ac-af314b1c3b53', 45495, 2432),('7c99b9c8-8e71-4c83-9bf5-10dfa7774fb3', '808487a7-db48-4248-8c8d-87dadbbf4234', 226862, 8309),('7c99b9c8-8e71-4c83-9bf5-10dfa7774fb3', 'cb98419c-9677-4340-9ac0-ed8bb2e6c265', 71500, 7094),('7c99b9c8-8e71-4c83-9bf5-10dfa7774fb3', 'bcb6095c-d77c-44af-9b43-207103cd50db', 7480, 2372),('7c99b9c8-8e71-4c83-9bf5-10dfa7774fb3', '52888ddb-84e5-4652-96f7-8683c2ba2608', 85260, 6966),('8271be78-ff97-484c-ba64-e87e5ee04495', '8a251614-4213-4707-97ba-248deab0e3fb', 145530, 9414),('8271be78-ff97-484c-ba64-e87e5ee04495', 'c34b2d3d-eaa0-416d-bc50-76312fd8262e', 46008, 8254),('8271be78-ff97-484c-ba64-e87e5ee04495', '41472d5e-20ca-4b5f-9ab7-2c4e2cdd326a', 36448, 9661),('8271be78-ff97-484c-ba64-e87e5ee04495', '2634f8e2-de70-4bce-9408-5d2f2074951f', 166152, 1556),('8271be78-ff97-484c-ba64-e87e5ee04495', 'a19bb93a-fcaa-4f4a-b8d5-6fb0ff1266b0', 180155, 6705),('8271be78-ff97-484c-ba64-e87e5ee04495', '8dd014e6-3abc-49fe-9002-b4684407c13f', 225502, 6924),('b069e5b9-2355-4922-8908-aa6c39386b2e', 'b08b3946-bd84-4bcc-b43e-f59bfcbc9005', 16675, 1301),('b069e5b9-2355-4922-8908-aa6c39386b2e', '2f744879-15eb-4dd3-812d-cebb809caba3', 273516, 9651),('b069e5b9-2355-4922-8908-aa6c39386b2e', '74f501aa-456e-43c0-ae91-c27fc6228133', 19454, 6097),('b069e5b9-2355-4922-8908-aa6c39386b2e', 'f04a30bc-28d2-41be-b979-b1835cba093c', 24012, 8498),('b069e5b9-2355-4922-8908-aa6c39386b2e', '36282adb-3f81-4713-87e8-8e3664cb5ef6', 27885, 4332),('b069e5b9-2355-4922-8908-aa6c39386b2e', '83bdb263-4452-4b0a-9d58-1596ec849b99', 40734, 1763),('6d9874b7-5a9f-42d1-ba28-80b034368f8e', '7e0b0963-6406-4c21-a54d-e59a8a2b52a3', 10665, 3047),('6d9874b7-5a9f-42d1-ba28-80b034368f8e', 'ebbf0c06-65f0-48ad-90e4-4e9150f530c1', 221260, 1379),('6d9874b7-5a9f-42d1-ba28-80b034368f8e', '4dc21098-815a-404d-8590-dd2a7946d83a', 14606, 6017),('6d9874b7-5a9f-42d1-ba28-80b034368f8e', 'f162052d-dde9-412c-8e39-18d4f8c1bac2', 24123, 6996),('6d9874b7-5a9f-42d1-ba28-80b034368f8e', '81224946-0601-4261-b8ff-565fc4982442', 112992, 8330),('6d9874b7-5a9f-42d1-ba28-80b034368f8e', 'df93d7c2-8c77-4022-887b-0f5c59b488a7', 133250, 9463),('d1448e47-9307-4e23-a461-c7647bda5960', 'f881c272-e905-4adc-b5c7-fc7a882c9369', 18224, 2399),('d1448e47-9307-4e23-a461-c7647bda5960', '6221609d-fa2b-4f5b-a9e4-1a85b7b0a22f', 10692, 4477),('d1448e47-9307-4e23-a461-c7647bda5960', '5503edd1-a5e6-4f59-9c4f-13cc90095982', 68761, 9819),('d1448e47-9307-4e23-a461-c7647bda5960', '4db8e962-5f76-4bc5-866e-87698cffc3eb', 20368, 2875),('d1448e47-9307-4e23-a461-c7647bda5960', 'a19bb93a-fcaa-4f4a-b8d5-6fb0ff1266b0', 176210, 3327),('d1448e47-9307-4e23-a461-c7647bda5960', 'cfc3a990-d91f-436b-8b04-9597aa26c98b', 22101, 1585);

insert into vendor_car_info_n1q values
('a0dbe6bb-1dae-4d33-bc77-64ea333e593c', '16f43661-b2bf-42b4-becd-dbaf7279b3c1', 3),('a0dbe6bb-1dae-4d33-bc77-64ea333e593c', '22e3919d-2982-4c64-a372-46bb89a62aaf', 4),('a0dbe6bb-1dae-4d33-bc77-64ea333e593c', 'e3a1909d-7ce4-4cf9-928a-a76f9f4ac0a7', 3),('a0dbe6bb-1dae-4d33-bc77-64ea333e593c', '74fe48ca-fa2f-4c3c-b406-7c593278dc33', 5),('a0dbe6bb-1dae-4d33-bc77-64ea333e593c', '98926f73-180f-4b28-9a20-0cef804716fb', 9),('a0dbe6bb-1dae-4d33-bc77-64ea333e593c', '44c35450-6987-4c0e-8e6f-d015d0a7835e', 9),('37355941-1bd9-49a1-87dc-05ba09821a05', '1dd15c07-0cf5-4dfc-8bcf-89fac31d8cea', 7),('37355941-1bd9-49a1-87dc-05ba09821a05', '1e1b6419-c7ee-451f-b17e-c3a317b09f35', 8),('37355941-1bd9-49a1-87dc-05ba09821a05', '499c93f1-4bd7-4c30-ae9d-808d1d2aaec3', 5),('6b611b47-ef00-42bd-b8eb-93fd3deddbd6', '16f43661-b2bf-42b4-becd-dbaf7279b3c1', 10),('6b611b47-ef00-42bd-b8eb-93fd3deddbd6', '7ade3485-bf16-4820-b0fb-7429ca43ff76', 7),('6b611b47-ef00-42bd-b8eb-93fd3deddbd6', '1e1b6419-c7ee-451f-b17e-c3a317b09f35', 4),('6b611b47-ef00-42bd-b8eb-93fd3deddbd6', '98926f73-180f-4b28-9a20-0cef804716fb', 6),('6b611b47-ef00-42bd-b8eb-93fd3deddbd6', '17412651-003a-4361-8ae2-bd36a2e570cf', 3),('a969daab-fc2a-4506-86f7-234f61b8d99b', '2af0530b-0a94-46ee-a01e-9181e041b53f', 8),('a969daab-fc2a-4506-86f7-234f61b8d99b', '4e91e988-c226-421c-baf1-f7429d151b6c', 3),('a969daab-fc2a-4506-86f7-234f61b8d99b', '9e10381b-e4d8-4b15-bf40-c428df51fd39', 9),('a969daab-fc2a-4506-86f7-234f61b8d99b', '961ea063-e002-4ce3-8535-18a35e53de93', 8),('a969daab-fc2a-4506-86f7-234f61b8d99b', '499c93f1-4bd7-4c30-ae9d-808d1d2aaec3', 7),('da2b97ec-2e52-4a90-9027-719420a92159', 'a994e8d7-4c5f-4445-a47e-23decac616a3', 10),('c291430d-5ff6-4155-a496-c4415e41cf89', '2af0530b-0a94-46ee-a01e-9181e041b53f', 5),('c291430d-5ff6-4155-a496-c4415e41cf89', '17412651-003a-4361-8ae2-bd36a2e570cf', 3),('73ad738f-5446-4872-b9f7-1710e293900f', '09e7caad-2603-464b-ae90-8ab36d73636b', 2),('73ad738f-5446-4872-b9f7-1710e293900f', '44c35450-6987-4c0e-8e6f-d015d0a7835e', 10),('4696aca6-cf96-4d46-a9d8-96a5fb690297', '22e3919d-2982-4c64-a372-46bb89a62aaf', 2),('4696aca6-cf96-4d46-a9d8-96a5fb690297', '98926f73-180f-4b28-9a20-0cef804716fb', 6),('4696aca6-cf96-4d46-a9d8-96a5fb690297', '44c35450-6987-4c0e-8e6f-d015d0a7835e', 7),('4c3b0018-2578-44bd-a38e-cb5250f38bb8', '16f43661-b2bf-42b4-becd-dbaf7279b3c1', 7),('4c3b0018-2578-44bd-a38e-cb5250f38bb8', '7ade3485-bf16-4820-b0fb-7429ca43ff76', 9),('4c3b0018-2578-44bd-a38e-cb5250f38bb8', '1e1b6419-c7ee-451f-b17e-c3a317b09f35', 6),('4c3b0018-2578-44bd-a38e-cb5250f38bb8', 'e3a1909d-7ce4-4cf9-928a-a76f9f4ac0a7', 2),('4c3b0018-2578-44bd-a38e-cb5250f38bb8', '09e7caad-2603-464b-ae90-8ab36d73636b', 8),('4c3b0018-2578-44bd-a38e-cb5250f38bb8', '74fe48ca-fa2f-4c3c-b406-7c593278dc33', 7),('4c3b0018-2578-44bd-a38e-cb5250f38bb8', '44c35450-6987-4c0e-8e6f-d015d0a7835e', 1),('e9f9436c-b93e-4608-8f80-c8db0fbe7554', 'a994e8d7-4c5f-4445-a47e-23decac616a3', 5),('e9f9436c-b93e-4608-8f80-c8db0fbe7554', '22e3919d-2982-4c64-a372-46bb89a62aaf', 10),('e9f9436c-b93e-4608-8f80-c8db0fbe7554', '74fe48ca-fa2f-4c3c-b406-7c593278dc33', 1),('e9f9436c-b93e-4608-8f80-c8db0fbe7554', '499c93f1-4bd7-4c30-ae9d-808d1d2aaec3', 5),('e9f9436c-b93e-4608-8f80-c8db0fbe7554', '44c35450-6987-4c0e-8e6f-d015d0a7835e', 6),('ca6f47aa-c56c-4379-85b0-2eefb12fe2a6', '16f43661-b2bf-42b4-becd-dbaf7279b3c1', 3),('ca6f47aa-c56c-4379-85b0-2eefb12fe2a6', '7ade3485-bf16-4820-b0fb-7429ca43ff76', 1),('ca6f47aa-c56c-4379-85b0-2eefb12fe2a6', 'a994e8d7-4c5f-4445-a47e-23decac616a3', 8),('ca6f47aa-c56c-4379-85b0-2eefb12fe2a6', '1e1b6419-c7ee-451f-b17e-c3a317b09f35', 3),('f5519aff-fc44-417c-91e7-82c084d89a59', '22e3919d-2982-4c64-a372-46bb89a62aaf', 6),('f5519aff-fc44-417c-91e7-82c084d89a59', '09e7caad-2603-464b-ae90-8ab36d73636b', 1),('f5519aff-fc44-417c-91e7-82c084d89a59', '499c93f1-4bd7-4c30-ae9d-808d1d2aaec3', 3),('f5519aff-fc44-417c-91e7-82c084d89a59', '98926f73-180f-4b28-9a20-0cef804716fb', 6),('f5519aff-fc44-417c-91e7-82c084d89a59', '17412651-003a-4361-8ae2-bd36a2e570cf', 10),('3bd990c6-783e-45e1-b8b2-070d335f89cf', 'e3a1909d-7ce4-4cf9-928a-a76f9f4ac0a7', 5),('3bd990c6-783e-45e1-b8b2-070d335f89cf', '09e7caad-2603-464b-ae90-8ab36d73636b', 5),('3bd990c6-783e-45e1-b8b2-070d335f89cf', '9e10381b-e4d8-4b15-bf40-c428df51fd39', 2),('039b028e-1312-4929-9de4-1879420dd16c', '16f43661-b2bf-42b4-becd-dbaf7279b3c1', 7),('039b028e-1312-4929-9de4-1879420dd16c', '4e91e988-c226-421c-baf1-f7429d151b6c', 7),('039b028e-1312-4929-9de4-1879420dd16c', '09e7caad-2603-464b-ae90-8ab36d73636b', 1),('458f25af-c7c2-49f7-bd9f-5eaff44087cd', '9e10381b-e4d8-4b15-bf40-c428df51fd39', 7),('458f25af-c7c2-49f7-bd9f-5eaff44087cd', '44c35450-6987-4c0e-8e6f-d015d0a7835e', 8),('458f25af-c7c2-49f7-bd9f-5eaff44087cd', '8861382e-0e6f-47b0-9755-6f2387990afe', 4),('851de3a2-4d67-4246-a0be-fbe50a55ee26', '041e0875-88eb-4b25-a1ec-a17dd8dc0389', 4),('851de3a2-4d67-4246-a0be-fbe50a55ee26', '1dd15c07-0cf5-4dfc-8bcf-89fac31d8cea', 9),('851de3a2-4d67-4246-a0be-fbe50a55ee26', 'a994e8d7-4c5f-4445-a47e-23decac616a3', 8),('851de3a2-4d67-4246-a0be-fbe50a55ee26', '1e1b6419-c7ee-451f-b17e-c3a317b09f35', 7),('851de3a2-4d67-4246-a0be-fbe50a55ee26', '74fe48ca-fa2f-4c3c-b406-7c593278dc33', 5),('851de3a2-4d67-4246-a0be-fbe50a55ee26', '8861382e-0e6f-47b0-9755-6f2387990afe', 9),('0b767d51-af1b-4db1-a9c1-74b247c5458a', '09e7caad-2603-464b-ae90-8ab36d73636b', 9),('0b767d51-af1b-4db1-a9c1-74b247c5458a', '98926f73-180f-4b28-9a20-0cef804716fb', 2),('0b767d51-af1b-4db1-a9c1-74b247c5458a', '44c35450-6987-4c0e-8e6f-d015d0a7835e', 8),('0b767d51-af1b-4db1-a9c1-74b247c5458a', '8861382e-0e6f-47b0-9755-6f2387990afe', 2),('abdaa87a-fc7c-4fcf-88da-204cf758bdda', '041e0875-88eb-4b25-a1ec-a17dd8dc0389', 10),('abdaa87a-fc7c-4fcf-88da-204cf758bdda', '2af0530b-0a94-46ee-a01e-9181e041b53f', 5),('abdaa87a-fc7c-4fcf-88da-204cf758bdda', 'a994e8d7-4c5f-4445-a47e-23decac616a3', 9),('abdaa87a-fc7c-4fcf-88da-204cf758bdda', '4e91e988-c226-421c-baf1-f7429d151b6c', 1),('abdaa87a-fc7c-4fcf-88da-204cf758bdda', '74fe48ca-fa2f-4c3c-b406-7c593278dc33', 8),('abdaa87a-fc7c-4fcf-88da-204cf758bdda', '8861382e-0e6f-47b0-9755-6f2387990afe', 7),('abdaa87a-fc7c-4fcf-88da-204cf758bdda', '17412651-003a-4361-8ae2-bd36a2e570cf', 2),('b78dd560-3ae4-46b7-a997-7dc9efecbbb2', '2af0530b-0a94-46ee-a01e-9181e041b53f', 7),('b78dd560-3ae4-46b7-a997-7dc9efecbbb2', '22e3919d-2982-4c64-a372-46bb89a62aaf', 9),('b78dd560-3ae4-46b7-a997-7dc9efecbbb2', '44c35450-6987-4c0e-8e6f-d015d0a7835e', 5),('b78dd560-3ae4-46b7-a997-7dc9efecbbb2', '17412651-003a-4361-8ae2-bd36a2e570cf', 3),('6bd9adbb-a944-4f93-965c-eecc72a5d2d0', '7ade3485-bf16-4820-b0fb-7429ca43ff76', 7),('6bd9adbb-a944-4f93-965c-eecc72a5d2d0', '4e91e988-c226-421c-baf1-f7429d151b6c', 4),('6bd9adbb-a944-4f93-965c-eecc72a5d2d0', '336be08f-7842-4ee8-81e7-3d6fdadac5c4', 4),('6bd9adbb-a944-4f93-965c-eecc72a5d2d0', 'e3a1909d-7ce4-4cf9-928a-a76f9f4ac0a7', 2),('a786f46c-299d-424b-bc18-4bc0a2fbd906', '2af0530b-0a94-46ee-a01e-9181e041b53f', 8),('a786f46c-299d-424b-bc18-4bc0a2fbd906', 'a994e8d7-4c5f-4445-a47e-23decac616a3', 6),('a786f46c-299d-424b-bc18-4bc0a2fbd906', '09e7caad-2603-464b-ae90-8ab36d73636b', 10),('a0fef9ec-c9b3-4d02-a8a4-766df89980c7', '7ade3485-bf16-4820-b0fb-7429ca43ff76', 9),('a0fef9ec-c9b3-4d02-a8a4-766df89980c7', '1dd15c07-0cf5-4dfc-8bcf-89fac31d8cea', 10),('a0fef9ec-c9b3-4d02-a8a4-766df89980c7', '336be08f-7842-4ee8-81e7-3d6fdadac5c4', 5),('a0fef9ec-c9b3-4d02-a8a4-766df89980c7', '74fe48ca-fa2f-4c3c-b406-7c593278dc33', 10),('ed12e3c5-db6a-40e3-929b-15fe7ae4c481', '16f43661-b2bf-42b4-becd-dbaf7279b3c1', 6),('ed12e3c5-db6a-40e3-929b-15fe7ae4c481', '1dd15c07-0cf5-4dfc-8bcf-89fac31d8cea', 6),('ed12e3c5-db6a-40e3-929b-15fe7ae4c481', 'a994e8d7-4c5f-4445-a47e-23decac616a3', 5),('ed12e3c5-db6a-40e3-929b-15fe7ae4c481', '9e10381b-e4d8-4b15-bf40-c428df51fd39', 3),('ed12e3c5-db6a-40e3-929b-15fe7ae4c481', '98926f73-180f-4b28-9a20-0cef804716fb', 10),('14325bfb-b77b-40a2-b6ce-ad046ec5f190', 'a994e8d7-4c5f-4445-a47e-23decac616a3', 3),('14325bfb-b77b-40a2-b6ce-ad046ec5f190', '22e3919d-2982-4c64-a372-46bb89a62aaf', 7),('14325bfb-b77b-40a2-b6ce-ad046ec5f190', '09e7caad-2603-464b-ae90-8ab36d73636b', 2),('14325bfb-b77b-40a2-b6ce-ad046ec5f190', '9e10381b-e4d8-4b15-bf40-c428df51fd39', 9),('b855ee07-d65e-45e7-8043-b2f07d028c55', 'a994e8d7-4c5f-4445-a47e-23decac616a3', 4),('b855ee07-d65e-45e7-8043-b2f07d028c55', '22e3919d-2982-4c64-a372-46bb89a62aaf', 6),('7c99b9c8-8e71-4c83-9bf5-10dfa7774fb3', '041e0875-88eb-4b25-a1ec-a17dd8dc0389', 5),('7c99b9c8-8e71-4c83-9bf5-10dfa7774fb3', '1dd15c07-0cf5-4dfc-8bcf-89fac31d8cea', 5),('7c99b9c8-8e71-4c83-9bf5-10dfa7774fb3', '4e91e988-c226-421c-baf1-f7429d151b6c', 8),('7c99b9c8-8e71-4c83-9bf5-10dfa7774fb3', '74fe48ca-fa2f-4c3c-b406-7c593278dc33', 2),('7c99b9c8-8e71-4c83-9bf5-10dfa7774fb3', '499c93f1-4bd7-4c30-ae9d-808d1d2aaec3', 7),('8271be78-ff97-484c-ba64-e87e5ee04495', '041e0875-88eb-4b25-a1ec-a17dd8dc0389', 8),('8271be78-ff97-484c-ba64-e87e5ee04495', '2af0530b-0a94-46ee-a01e-9181e041b53f', 9),('8271be78-ff97-484c-ba64-e87e5ee04495', '7ade3485-bf16-4820-b0fb-7429ca43ff76', 2),('8271be78-ff97-484c-ba64-e87e5ee04495', 'a994e8d7-4c5f-4445-a47e-23decac616a3', 3),('8271be78-ff97-484c-ba64-e87e5ee04495', '1e1b6419-c7ee-451f-b17e-c3a317b09f35', 9),('8271be78-ff97-484c-ba64-e87e5ee04495', '9e10381b-e4d8-4b15-bf40-c428df51fd39', 2),('b069e5b9-2355-4922-8908-aa6c39386b2e', '16f43661-b2bf-42b4-becd-dbaf7279b3c1', 8),('b069e5b9-2355-4922-8908-aa6c39386b2e', '22e3919d-2982-4c64-a372-46bb89a62aaf', 10),('b069e5b9-2355-4922-8908-aa6c39386b2e', '09e7caad-2603-464b-ae90-8ab36d73636b', 7),('6d9874b7-5a9f-42d1-ba28-80b034368f8e', '16f43661-b2bf-42b4-becd-dbaf7279b3c1', 7),('6d9874b7-5a9f-42d1-ba28-80b034368f8e', '041e0875-88eb-4b25-a1ec-a17dd8dc0389', 5),('6d9874b7-5a9f-42d1-ba28-80b034368f8e', 'e3a1909d-7ce4-4cf9-928a-a76f9f4ac0a7', 10),('6d9874b7-5a9f-42d1-ba28-80b034368f8e', '09e7caad-2603-464b-ae90-8ab36d73636b', 2),('6d9874b7-5a9f-42d1-ba28-80b034368f8e', '98926f73-180f-4b28-9a20-0cef804716fb', 3),('6d9874b7-5a9f-42d1-ba28-80b034368f8e', '17412651-003a-4361-8ae2-bd36a2e570cf', 10),('d1448e47-9307-4e23-a461-c7647bda5960', 'a994e8d7-4c5f-4445-a47e-23decac616a3', 9),('d1448e47-9307-4e23-a461-c7647bda5960', '1e1b6419-c7ee-451f-b17e-c3a317b09f35', 6),('d1448e47-9307-4e23-a461-c7647bda5960', '499c93f1-4bd7-4c30-ae9d-808d1d2aaec3', 7);




select distinct model from product_yin join vendor_product_info_dnm vp on vp.product_id = product_yin.id
where (product_yin.color = 'белый' or product_yin.color = 'синий') and vp.price <= 20000 and vp.price >= 10000;





select name from vendor_6si join vendor_product_info_dnm vp on vp.vendor_id = vendor_6si.id join product_yin on vp.product_id = product_yin.id where category = 'смартфоны'
except 
select name from vendor_6si join vendor_product_info_dnm vp on vp.vendor_id = vendor_6si.id join product_yin on vp.product_id = product_yin.id where category = 'электронные книги';




select name from vendor_6si join vendor_product_info_dnm vp on vp.vendor_id = vendor_6si.id join product_yin on vp.product_id = product_yin.id where category = 'ноутбуки'
intersect 
select name from vendor_6si join vendor_product_info_dnm vp on vp.vendor_id = vendor_6si.id join product_yin on vp.product_id = product_yin.id where category = 'мониторы';




select name from vendor_6si join vendor_product_info_dnm vp on vp.vendor_id = vendor_6si.id join product_yin on vp.product_id = product_yin.id where category = 'часы'
union 
select name from vendor_6si join vendor_car_info_n1q vc on vc.vendor_id = vendor_6si.id join car_eo0 on vc.car_id = car_eo0.id where lifting_capacity >= 5 and lifting_capacity <= 10;




select sum(price) from vendor_product_info_dnm join product_yin on product_yin.id = vendor_product_info_dnm.product_id where category = 'ноутбуки';




with models_and_prices as
(select model, price from vendor_product_info_dnm join product_yin on product_yin.id = vendor_product_info_dnm.product_id where category = 'ноутбуки')

select distinct model from models_and_prices where price = (select min(price) from models_and_prices);




with different_diag as
(select distinct screen_size from product_yin where category = 'часы')

select count(screen_size) from different_diag;











